objectid,filename,document type,title,claim name,claim number,claim type,creator,date,description,subject,location,county,district,latitude,longitude,township,range,section,source,identifier,type,format,language,associated name,rightsstatement
ajax001,Correspondence_Ajax_Mine_Conrow_John_Thomson_Francis_12_9_1941.pdf,Correspondence,Geology of Beaverhead County and Ajax Mine,Ajax,,Placer,Johon M. Conrow,12/9/1941,Geology of Beaverhead County and Ajax Mine,Correspondence; Geology;Survey;History;,Beaverhead,Beaverhead,Ajax,45.52333,-113.72389,6S,17W,7,,,Image;StillImage,application/pdf,eng,Compiled From Mcnabb; USBM; Nickelson; USGS Report 6-23-53; R.N.Appling Map 8-23-75,
ajax002,Correspondence_Ajax_Mine_King_Ralph_Vandelinder_George_10_10_1969.pdf,Correspondence,Mountain Range and Location Information,Ajax,,Placer,Ralph H. King,10/10/1969,Mountain rainge and location information,Correspondence;  Jahnke; Jackson;Dark Horse;,Beaverhead,Beaverhead,Ajax,45.52333,-113.72389,6S,17W,7,,,Image;StillImage,application/pdf,eng,Compiled From Mcnabb; USBM; Nickelson; USGS Report 6-23-53; R.N.Appling Map 8-23-76,
ajax003,Correspondence_Ajax_Mine_Mcclernan_H_G_Jenkins_Clay_09_15_1969.pdf,Correspondence,Road Construction Near Ajax,Ajax,,Placer,H.G. McClernan,9/15/1969,Road construction near Ajax,Correspondence;  Mine Visit;Road Construction;,Beaverhead,Beaverhead,Ajax,45.52333,-113.72389,6S,17W,7,,,Image;StillImage,application/pdf,eng,Compiled From Mcnabb; USBM; Nickelson; USGS Report 6-23-53; R.N.Appling Map 8-23-77,
ajax004,Correspondence_Ajax_Mine_Thomson_Francis_Sahinen_U_M_01_20_1936.pdf,Correspondence,Geology of Beaverhead County and Ajax Mine,Ajax,,Placer,J.H. Jensen,1/20/1936,Geology of Beaverhead County and Ajax Mine,Correspondence;  Geology;Jackson;Minerals; ,Beaverhead,Beaverhead,Ajax,45.52333,-113.72389,6S,17W,7,,,Image;StillImage,application/pdf,eng,Compiled From Mcnabb; USBM; Nickelson; USGS Report 6-23-53; R.N.Appling Map 8-23-78,
ajax005,Correspondence_Ajax_Mine_Vandelinder_George_Montana_College_Technology_Mineral_10_08_1969.pdf,Correspondence,Ajax Mine Information for Library,Ajax,,Placer,Mrs. George VanDelinder,10/8/1969,Ajax mine information for library,Correspondence;  History;,Beaverhead,Beaverhead,Ajax,45.52333,-113.72389,6S,17W,7,,,Image;StillImage,application/pdf,eng,Compiled From Mcnabb; USBM; Nickelson; USGS Report 6-23-53; R.N.Appling Map 8-23-79,
ajax006,Forms_Ajax_Mine_MBMG_Mine_Status_Card_1969_1970_1971_1972.pdf,Forms,Ajax Status Cards,Ajax,,Placer,Clay Jenkins,1972,Ajax Status cards,Forms;  Status Cards,Beaverhead,Beaverhead,Ajax,45.52333,-113.72389,6S,17W,7,,,Image;StillImage,application/pdf,eng,Compiled From Mcnabb; USBM; Nickelson; USGS Report 6-23-53; R.N.Appling Map 8-23-80,
ajax007,Forms_Ajax_Mine_MBMG_Mine_Status_Card_1973_1974_1975_1976.pdf,Forms,Ajax Status Cards,Ajax,,Placer,Clay Jenkins,1976,Ajax Status cards,Forms;  Status Cards,Beaverhead,Beaverhead,Ajax,45.52333,-113.72389,6S,17W,7,,,Image;StillImage,application/pdf,eng,Compiled From Mcnabb; USBM; Nickelson; USGS Report 6-23-53; R.N.Appling Map 8-23-81,
ajax008,Forms_Ajax_Mine_MBMG_Mine_Status_Card_1977_1978_1979_1980.pdf,Forms,Ajax Status Cards,Ajax,,Placer,Clay Jenkins,1979,Ajax Status cards,Forms;  Status Cards,Beaverhead,Beaverhead,Ajax,45.52333,-113.72389,6S,17W,7,,,Image;StillImage,application/pdf,eng,Compiled From Mcnabb; USBM; Nickelson; USGS Report 6-23-53; R.N.Appling Map 8-23-82,
ajax009,Forms_Ajax_Mine_MBMG_Mine_Status_Card_1981_1982_1983_1984.pdf,Forms,Ajax Status Cards,Ajax,,Placer,Clay Jenkins,1984,Ajax Status cards,Forms;  Status Cards,Beaverhead,Beaverhead,Ajax,45.52333,-113.72389,6S,17W,7,,,Image;StillImage,application/pdf,eng,Compiled From Mcnabb; USBM; Nickelson; USGS Report 6-23-53; R.N.Appling Map 8-23-83,
ajax010,Forms_Ajax_Mine_MBMG_Mine_Status_Card_1985_1986.pdf,Forms,Ajax Status Cards,Ajax,,Placer,Clay Jenkins,1986,Ajax Status cards,Forms;  Status Cards,Beaverhead,Beaverhead,Ajax,45.52333,-113.72389,6S,17W,7,,,Image;StillImage,application/pdf,eng,Compiled From Mcnabb; USBM; Nickelson; USGS Report 6-23-53; R.N.Appling Map 8-23-84,
ajax011,Maps_Ajax_Mine_Topographic_No_Date.jpg,Maps,Topographic Map Including Ajax Mine,Ajax,,Placer,,,Topographic map including Ajax Mine,Maps;  Topographic Map;,Beaverhead,Beaverhead,Ajax,45.52333,-113.72389,6S,17W,7,,,Image;StillImage,image/jpeg,eng,Compiled From Mcnabb; USBM; Nickelson; USGS Report 6-23-53; R.N.Appling Map 8-23-85,
ajax012,Newsclippings_Ajax_Mine_Montana_Standard_08_09_1981.pdf,Newsclipping,Family Revives Old Ajax Mine,Ajax,,Placer,,8/9/1981,Family Revives Old Ajax Mine,Newsclippings; Ajax Gold Inc;Elkhorn Resources;Jenkins Family;Carrie Leonard;Montana Standard;Commodities,Beaverhead,Beaverhead,Ajax,45.52333,-113.72389,6S,17W,7,,,Image;StillImage,application/pdf,eng,Compiled From Mcnabb; USBM; Nickelson; USGS Report 6-23-53; R.N.Appling Map 8-23-86,
ajax013,Newsclippings_Ajax_Mine_Montana_Standard_08_09_1981_B.pdf,Newsclipping,Beaverhead Forest Hydrologist Jeff Reiner,Ajax,,Placer,,8/9/1981,Beaverhead forest hydrologist Jeff Reiner,Newsclippings; Montana Standatd;Milling Equipment;,Beaverhead,Beaverhead,Ajax,45.52333,-113.72389,6S,17W,7,,,Image;StillImage,application/pdf,eng,Compiled From Mcnabb; USBM; Nickelson; USGS Report 6-23-53; R.N.Appling Map 8-23-87,
ajax014,Newsclippings_Ajax_Mine_Wallace_Miner_04_03_1986.pdf,Newsclipping,Beaverhead Talc Mine,Ajax,,Placer,,4/3/1986,Beaverhead Talc Mine,Newsclippings; Cyprus Minerals Company;Talc;Phelps Dodge Corp;,Beaverhead,Beaverhead,Ajax,45.52333,-113.72389,6S,17W,7,,,Image;StillImage,application/pdf,eng,Compiled From Mcnabb; USBM; Nickelson; USGS Report 6-23-53; R.N.Appling Map 8-23-88,
ajax015,Publications_Ajax_Mine_Noyes_Alva_1914.pdf,Publications,The Story of Ajax,Ajax,,Placer,Alva Josiah Noyes,3/28/1905,The Story of Ajax,Publications; History;Book;,Beaverhead,Beaverhead,Ajax,45.52333,-113.72389,6S,17W,7,,,Image;StillImage,application/pdf,eng,Compiled From Mcnabb; USBM; Nickelson; USGS Report 6-23-53; R.N.Appling Map 8-23-89,
ajax016,Reports_Ajax_Mine_Bulletin_85_MBMG.pdf,Reports,Ajax Mine General Informaiton,Ajax,,Placer,,,Ajax mine general informaiton,Report; History;Location;Carrie Leonard;Mine Workings;,Beaverhead,Beaverhead,Ajax,45.52333,-113.72389,6S,17W,7,,,Image;StillImage,application/pdf,eng,Compiled From Mcnabb; USBM; Nickelson; USGS Report 6-23-53; R.N.Appling Map 8-23-90,
ajax017,Reports_Ajax_Mine_Location_Information.pdf,Reports,Ajax Location Information and Summary,Ajax,,Placer,,,Ajax Location Information and Summary,Report; Location Information;Summary,Beaverhead,Beaverhead,Ajax,45.52333,-113.72389,6S,17W,7,,,Image;StillImage,application/pdf,eng,Compiled From Mcnabb; USBM; Nickelson; USGS Report 6-23-53; R.N.Appling Map 8-23-91,
ajax018,Reports_Ajax_Mine_Mine_Summaries_and_Descriptions.pdf,Reports,Ajax Mine General Information,Ajax,,Placer,,,Ajax mine general information,Report; Summary;Description,Beaverhead,Beaverhead,Ajax,45.52333,-113.72389,6S,17W,7,,,Image;StillImage,application/pdf,eng,Compiled From Mcnabb; USBM; Nickelson; USGS Report 6-23-53; R.N.Appling Map 8-23-92,
ajax019,Reports_Ajax_Mine_Mine_Summaries_Greene_Fred_03_1904.pdf,Reports,Report on the Ajax Group,Ajax,,Placer,Fred Greene,,Report on the Ajax Group,Report; Ajax Group;Summary;Location;Accessibility;Development;Geology;Samples;Assays;Timber;Water,Beaverhead,Beaverhead,Ajax,45.52333,-113.72389,6S,17W,7,,,Image;StillImage,application/pdf,eng,Compiled From Mcnabb; USBM; Nickelson; USGS Report 6-23-53; R.N.Appling Map 8-23-93,
ajax020,Reports_Ajax_Mine_Open_File_Report_USBOM_1988.pdf,Reports,"Mineral Resources of the West Big Hole Study Area, Beaverhead County, Montana",Ajax,,Placer,David A. Lipton; Martin D. Conyac; Spencer L. Willettt,1988,"Mineral Resources of the West Big Hole Study Area, Beaverhead County, Montana",Report; West Big Hole Study Area;Mineral Resources;Production;Location;Mining History;Commodities;Geology;Appraisal;Dark Horse Mine; HRS Claim Group; Jahnke Mine; Northern Prospect; Oro Cache Mine;Silver Ridge Group,Beaverhead,Beaverhead,Ajax,45.52333,-113.72389,6S,17W,7,,,Image;StillImage,application/pdf,eng,Compiled From Mcnabb; USBM; Nickelson; USGS Report 6-23-53; R.N.Appling Map 8-23-94,
ajax021,Reports_Ajax_Mine_USBOM_Location_Information.pdf,Reports,USBOM Ajax Location Information,Ajax,,Placer,,,USBOM Ajax Location Information,Report; Location Information;Summary,Beaverhead,Beaverhead,Ajax,45.52333,-113.72389,6S,17W,7,,,Image;StillImage,application/pdf,eng,Compiled From Mcnabb; USBM; Nickelson; USGS Report 6-23-53; R.N.Appling Map 8-23-95,
ajack001,A_Jack.jpg,Folder Contents,A Jack Folder Contents,A Jack,9965,Lode,,,Folder Contents,Contents;,Beaverhead,Beaverhead,Elkhorn,45.4724,-113.0486,4S,12W,23,,,Image;StillImage,image/jpeg,eng,"New Year, Ruby, W.R.A.",
alice001,Alice.jpg,Folder Contents,Alice Folder Contents,Alice,,Placer,,,Folder Contents,Contents;,Beaverhead,Beaverhead,Bald Mountain,45.2985,-113.0176,6S,12W,24,,,Image;StillImage,image/jpeg,eng,Faithful,
alexander001,Alexander.jpg,Folder Contents,Alexander Folder Contents,Alexander,5360,Placer,,,Folder Contents,Contents;,Beaverhead,Beaverhead,Unorganized,45.5597,-113.1926,2S,13W,,,,Image;StillImage,image/jpeg,eng,,
alumont001,Alumont_Mining_Company.jpg,Folder Contents,Alumont Mining Company Folder Contents,Alumont Mining Company,,Lode,,,Folder Contents,Contents;,Beaverhead,Beaverhead,,45.2985,-113.0381,6S,12W,23,,,Image;StillImage,image/jpeg,eng,"Includes Gulch, Henry, And Stenson",
anaconda001,Anaconda.jpg,Folder Contents,Anaconda Folder Contents,Anaconda,,Placer,,,Folder Contents,Contents;,Beaverhead,Beaverhead,Argenta,45.2894,-112.865,6S,11W,35,,,Image;StillImage,image/jpeg,eng,Ermont Group,
anita001,Anita.jpg,Folder Contents,Anita Folder Contents,Anita,,Placer,,,Folder Contents,Contents;,Beaverhead,Beaverhead,Argenta,45.2985,-112.8133,6S,10W,22,,,Image;StillImage,image/jpeg,eng,,
arcadia001,Arcadia_Placer.jpg,Folder Contents,Arcadia Placer Folder Contents,Arcadia Placer,,Placer,,,Folder Contents,Contents;,Beaverhead,Beaverhead,Ruby Creek,45.5583,-113.7902,3S,18W,23,,,Image;StillImage,image/jpeg,eng,,
aragenta001,Argenta.jpg,Folder Contents,Argenta Folder Contents,Argenta,,Placer,,,Folder Contents,Contents;,Beaverhead,Beaverhead,Argenta,45.30972,-112.88806,6S,11W,13,,,Image;StillImage,image/jpeg,eng,"Gladstone, Copper Bell",
argerila001,Argerila_Placer.jpg,Folder Contents,Argerila Folder Contents,Argerila,,Lode,,,Folder Contents,Contents;,Beaverhead,Beaverhead,Argenta,,,,,,,,Image;StillImage,image/jpeg,eng,,
argyle001,Argyle.jpg,Folder Contents,Argyle Folder Contents,Argyle,,Lode,,,Folder Contents,Contents;,Beaverhead,Beaverhead,Vipond,45.7199,-112.9047,1S,11W,5,,,Image;StillImage,image/jpeg,eng,Lone Pine,
ariadne001,Ariadne_Mine.jpg,Folder Contents,Ariadne Mine Folder Contents,Ariadne Mine,,,,,Folder Contents,Contents;,Beaverhead,Beaverhead,,45.5673412,-112.9576242,3S,11W,2,,,Image;StillImage,image/jpeg,eng,,
aspen001,Aspen.jpg,Folder Contents,Aspen Folder Contents,Aspen,9847,Lode,,,Folder Contents,Contents;,Beaverhead,Beaverhead,Elkhorn,45.490875,-113.053697,4S,12W,14,,,Image;StillImage,image/jpeg,eng,"Aspen No.2 Quartz Lode, Aspen Amd?",
associated001,Associated_Placers.jpg,Folder Contents,Associated Placers Folder Contents,Associated Placers,,Placer,,,Folder Contents,Contents;,Beaverhead,Beaverhead,Unorganized,,,,,,,,Image;StillImage,image/jpeg,eng,"Branner Property, Mc Leod Property",
aurora001,Aurora.jpg,Folder Contents,Aurora Folder Contents,Aurora,,Lode,,,Folder Contents,Contents;,Beaverhead,Beaverhead,Vipond,45.7233,-112.9017,1S,11W,25,,,Image;StillImage,image/jpeg,eng,Gray (Grey) Jockey; Banner,
axes001,Axes_Canyon_Deposit.jpg,Folder Contents,Axes Canyon Deposit Folder Contents,Axes Canyon Deposit,,Lode,,,Folder Contents,Contents;,Beaverhead,Beaverhead,Axes Creek,45.1228,-112.5425,8S,8W,23,,,Image;StillImage,image/jpeg,eng,Smith-Dillon,
badger001,Badger_Mine.jpg,Folder Contents,Badger Mine Folder Contents,Badger Mine,,Lode,,,Folder Contents,Contents;,Beaverhead,Beaverhead,Argenta,45.2781,-112.9089,6S,11W,26,,,Image;StillImage,image/jpeg,eng,Ermont Group,
bannack001,Bannack_Prospect.jpg,Folder Contents,Bannack Prospect Folder Contents,Bannack Prospect,,Lode,,,Folder Contents,Contents;,Beaverhead,Beaverhead,Bannack,45.15883,-112.9833,8S,11W,5,,,Image;StillImage,image/jpeg,eng,Orvana Reconnaissance,
beaann001,Bea-Ann.jpg,Folder Contents,Bea-Ann Folder Contents,Bea-Ann,,Lode,,,Folder Contents,Contents;,Beaverhead,Beaverhead,Bannack,45.1619,-112.9744,8S,11W,5,,,Image;StillImage,image/jpeg,eng,Gold Bug Mine,
beaverhead001,Beaverhead_Mining_Syndicate.jpg,Folder Contents,Beaverhead Mining Syndicate Folder Contents,Beaverhead Mining Syndicate,,,,,Folder Contents,Contents;,Beaverhead,Beaverhead,Argenta,,,,,,,,Image;StillImage,image/jpeg,eng,Beaverhead Mining Syn,
bella001,Bella_Mine.jpg,Folder Contents,Bella Mine Folder Contents,Bella Mine,,Lode,,,Folder Contents,Contents;,Beaverhead,Beaverhead,,45.28278,-112.855,6S,10W,29,,,Image;StillImage,image/jpeg,eng,Whopper; Sir Walter Scott,
benton001,Benton_Mine.jpg,Folder Contents,Benton Mine Folder Contents,Benton Mine,,Lode,,,Folder Contents,Contents;,Beaverhead,Beaverhead,Vipond,,,,,,,,Image;StillImage,image/jpeg,eng,"Banner, Bismark, Humboldt, Gray Eagle, Mammoth, Juno, Horace Greeley, Rich Hill",
bentonite001,Bentonite_Clay_Mine.jpg,Folder Contents,Bentonite Clay Mine Folder Contents,Bentonite Clay Mine,,Lode,,,Folder Contents,Contents;,Beaverhead,Beaverhead,,45.3858,-112.4525,5S,7W,22,,,Image;StillImage,image/jpeg,eng,,
berlin001,Berlin.jpg,Folder Contents,Berlin Folder Contents,Berlin,,Lode,,,Folder Contents,Contents;,Beaverhead,Beaverhead,Bryant,45.6731,-112.7017,2S,9W,10,,,Image;StillImage,image/jpeg,eng,Toole Graphite,
birchcreek001,Birch_Creek.jpg,Folder Contents,Birch Creek Folder Contents,Birch Creek,,Lode,,,Folder Contents,Contents;,Beaverhead,Beaverhead,Utopia,45.40028,-112.82639,5S,10W,15,,,Image;StillImage,image/jpeg,eng,,
birchcreekiron001,Birch_Creek_Iron.jpg,Folder Contents,Birch Creek Iron Folder Contents,Birch Creek Iron,,Lode,,,Folder Contents,Contents;,Beaverhead,Beaverhead,Utopia,45.3894,-112.8417,5S,10W,21,,,Image;StillImage,image/jpeg,eng,Jumbo; Oro Fino; U.S. Treasure;,
birchcreeknickel001,Birch_Creek_Nickel.jpg,Folder Contents,Birch Creek Nickel Folder Contents,Birch Creek Nickel,,Lode,,,Folder Contents,Contents;,Beaverhead,Beaverhead,Utopia,45.487,-112.8841,4S,10W,18,,,Image;StillImage,image/jpeg,eng,,
bluebell001,Blue_Bell.jpg,Folder Contents,Blue Bell Folder Contents,Blue Bell,10083,Lode,,,Folder Contents,Contents;,Beaverhead,Beaverhead,Elkhorn,45.47142,-113.07054,4S,12W,22,,,Image;StillImage,image/jpeg,eng,Elkhorn Mine,
blueeyedannie001,Blue_Eyed_Annie.jpg,Folder Contents,Blue Eyed Annie Folder Contents,Blue Eyed Annie,8787,Lode,,,Folder Contents,Contents;,Beaverhead,Beaverhead,Elkhorn,45.4756,-113.0789,4S,12W,15,,,Image;StillImage,image/jpeg,eng,Diamond,
bluegrass001,Blue_Grass.jpg,Folder Contents,Blue Grass Folder Contents,Blue Grass,683,Lode,,,Folder Contents,Contents;,Beaverhead,Beaverhead,Bannack,45.1594,-112.975,8S,11W,5,,,Image;StillImage,image/jpeg,eng,"Gold Bug, Dakota",
bluejay001,Blue_Jay.jpg,Folder Contents,Blue Jay Folder Contents,Blue Jay,9964B,Lode,,,Folder Contents,Contents;,Beaverhead,Beaverhead,Elkhorn,45.48593,-113.04969,4S,12W,14,,,Image;StillImage,image/jpeg,eng,"Elkhorn, Atlas, Mono, Red Top, Central",
bluewing001,Blue_Wing_Mine.jpg,Folder Contents,Blue Wing Mine Folder Contents,Blue Wing Mine,,Lode,,,Folder Contents,Contents;,Beaverhead,Beaverhead,Blue Wing,45.1866,-112.95509,7S,11W,33,,,Image;StillImage,image/jpeg,eng,"A/K/A Cottontail; Around Kent, Huron",
bluebird001,Bluebird.jpg,Folder Contents,Bluebird Folder Contents,Bluebird,,Lode,,,Folder Contents,Contents;,Beaverhead,Beaverhead,Elkhorn,44.96385,-112.50952,10S,7W,18,,,Image;StillImage,image/jpeg,eng,,
bonaccord001,Bon_Accord.jpg,Folder Contents,Bon Accord Folder Contents,Bon Accord,,Placer,,,Folder Contents,Contents;,Beaverhead,Beaverhead,,45.124,-112.8338,8S,10W,15,,,Image;StillImage,image/jpeg,eng,,
bonanza001,Bonanza.jpg,Folder Contents,Bonanza Folder Contents,Bonanza,9965B,Lode,,,Folder Contents,Contents;,Beaverhead,Beaverhead,Elkhorn,45.47137,-113.04979,4S,12W,23,,,Image;StillImage,image/jpeg,eng,"A Jack, Ruby, Wra, Red Sky, Homestake",
bostania001,Bostania.jpg,Folder Contents,Bostania Folder Contents,Bostania,,Lode,,,Folder Contents,Contents;,Beaverhead,Beaverhead,Elkhorn,46.0972,-113.0569,4N,12W,14,,,Image;StillImage,image/jpeg,eng,Near Wise River,
bostongroup001,Boston_Group.jpg,Folder Contents,Boston Group Folder Contents,Boston Group,,Lode,,,Folder Contents,Contents;,Beaverhead,Beaverhead,Elkhorn,45.4894,-113.0458,4S,12W,14,,,Image;StillImage,image/jpeg,eng,"Copper Queen, Red Sky, St. Louis, Atlas, Simpson, Blue Eyed Annie, Mammoth, Mono, Storm",
bozeadar001,Bozeadar.jpg,Folder Contents,Bozeadar Folder Contents,Bozeadar,,Lode,,,Folder Contents,Contents;,Beaverhead,Beaverhead,Utopia,45.39931,-112.92735,5S,11W,14,,,Image;StillImage,image/jpeg,eng,,
bozo001,Bozo.jpg,Folder Contents,Bozo Folder Contents,Bozo,,Lode,,,Folder Contents,Contents;,Beaverhead,Beaverhead,,45.1536,-112.50828,8S,7W,7,,,Image;StillImage,image/jpeg,eng,A/K/A Lobo,
brownbear001,Brown_Bear.jpg,Folder Contents,Brown Bear Folder Contents,Brown Bear,,,,,Folder Contents,Contents;,Beaverhead,Beaverhead,Dillon,44.94069,-113.4423,10S,15W,7,,,Image;StillImage,image/jpeg,eng,,
brownslake001,Browns_Lake.jpg,Folder Contents,Browns Lake Folder Contents,Brown's Lake,,Lode,,,Folder Contents,Contents;,Beaverhead,Beaverhead,Lost Creek,45.51744,-112.82572,4S,10W,3,,,Image;StillImage,image/jpeg,eng,"A/K/A Brownes Lake Tungsten /Ivanhoe, Brown'S Lake Deposit, Browns Lake, Ivanhoe, Fluorscent, Lentung Group, Lost Copper, Mammoth",
burgierosa001,Burgierosa.jpg,Folder Contents,Burgierosa Folder Contents,Burgierosa,,Lode,,,Folder Contents,Contents;,Beaverhead,Beaverhead,Vipond Park,45.70694,-112.94778,1S,11W,19,,,Image;StillImage,image/jpeg,eng,Sheep Mountain; Gray (Grey) Jockey;,
buster001,Buster.jpg,Folder Contents,Buster Folder Contents,Buster,,Lode,,,Folder Contents,Contents;,Beaverhead,Beaverhead,Utopia,45.3885,-112.88339,5S,10W,19,,,Image;StillImage,image/jpeg,eng,Buster,
buttevipondmine001,Butte_Vipond_Mining_Co.jpg,Folder Contents,Butte Vipond Mining Co Folder Contents,Butte Vipond Mining Co.,,Lode,,,Folder Contents,Contents;,Beaverhead,Beaverhead,Vipond Park,,,,,,,,Image;StillImage,image/jpeg,eng,De Celles,
calvert001,Calvert.jpg,Folder Contents,Calvert Folder Contents,Calvert,,Lode,,,Folder Contents,Contents;,Beaverhead,Beaverhead,Elkhorn,45.8481,-113.1514,1N,13W,12,,,Image;StillImage,image/jpeg,eng,A/K/A Red Buttons,
campcreek001,Camp_Creek.jpg,Folder Contents,Camp Creek Folder Contents,Camp Creek,,Lode,,,Folder Contents,Contents;,Beaverhead,Beaverhead,Ruby,45.1003,-112.5228,8S,8W,36,,,Image;StillImage,image/jpeg,eng,Camp Creek Corundum,
cannivangulchmoly001,Cannivan_Gulch_Moly.jpg,Folder Contents,Cannivan Gulch Moly Folder Contents,Cannivan Gulch Moly,,Lode,,,Folder Contents,Contents;,Beaverhead,Beaverhead,Vipond Park,45.6542,-112.95,2S,11W,22,,,Image;StillImage,image/jpeg,eng,Cannivan Gulch Moly,
canyoncreek001,Canyon_Creek.jpg,Folder Contents,Canyon Creek Folder Contents,Canyon Creek,,Lode,,,Folder Contents,Contents;,Beaverhead,Beaverhead,Melrose,45.63483,-112.76374,2S,9W,30,,,Image;StillImage,image/jpeg,eng,"Canyon Creek Quarry, East La Marche",
capitolmine001,Capitol_Mine.jpg,Folder Contents,Capitol Mine Folder Contents,Capitol Mine,,Lode,,,Folder Contents,Contents;,Beaverhead,Beaverhead,Argenta,45.3481,-112.8519,6S,10W,5,,,Image;StillImage,image/jpeg,eng,Cave Gulch,
carbonatemine001,Carbonate_Mine.jpg,Folder Contents,Carbonate Mine Folder Contents,Carbonate Mine,,Lode,,,Folder Contents,Contents;,Beaverhead,Beaverhead,Argenta,45.3097,-112.8881,6S,10W,18,,,Image;StillImage,image/jpeg,eng,"Rena, Coolidge Mine, Groundhog, Argenta, Goodview, Midnight",
carrollplacer001,Carroll_Placer.jpg,Folder Contents,Carroll Placer Folder Contents,Carroll Placer,4042,Placer,,,Folder Contents,Contents;,Beaverhead,Beaverhead,Unorganized,45.72169,-112.78361,1S,10W,25,,,Image;StillImage,image/jpeg,eng,,
cartercreekiron001,Carter_Creek_Iron.jpg,Folder Contents,Carter Creek Iron Folder Contents,Carter Creek Iron,,Lode,,,Folder Contents,Contents;,Beaverhead,Beaverhead,Ruby,45.1436,-112.46,8S,7W,9,,,Image;StillImage,image/jpeg,eng,Carter Creek Iron,
centennialmine001,Centennial_Mine.jpg,Folder Contents,Centennial Mine Folder Contents,Centennial Mine,,Lode,,,Folder Contents,Contents;,Beaverhead,Beaverhead,Wisdom,44.5578,-111.6883,15S,1W,2,,,Image;StillImage,image/jpeg,eng,Centennial Mine,
central001,Central_Lode.jpg,Folder Contents,Central Lode Folder Contents,Central Lode,9847,Lode,,,Folder Contents,Contents;,Beaverhead,Beaverhead,Elkhorn (Collidge/Wise River),45.487,-113.049,4S,12W,14,,,Image;StillImage,image/jpeg,eng,,
charteroakmine001,Charter_Oak.jpg,Folder Contents,Charter Oak Folder Contents,Charter Oak,,Lode,,,Folder Contents,Contents;,Beaverhead,Beaverhead,Blue Wing,45.1683,-112.9567,8S,11W,4,,,Image;StillImage,image/jpeg,eng,"Around Ingersoll, Blue Grass, Gold Bug, Golden Leaf",
chinatown001,Chinatown.jpg,Folder Contents,Chinatown Folder Contents,Chinatown,,Lode,,,Folder Contents,Contents;,Beaverhead,Beaverhead,Chinatown,,,11S,13W,3,,,Image;StillImage,image/jpeg,eng,,
chloride001,Chloride.jpg,Folder Contents,Chloride Folder Contents,Chloride,,Lode,,,Folder Contents,Contents;,Beaverhead,Beaverhead,Bryant,,,,,,,,Image;StillImage,image/jpeg,eng,"Gopher, Crown Point",
churchill001,Churchill.jpg,Folder Contents,Churchill Folder Contents,Churchill,,Lode,,,Folder Contents,Contents;,Beaverhead,Beaverhead,Vipond,45.7786,-112.8747,1S,10W,5,,,Image;StillImage,image/jpeg,eng,Churchill Mine,
cleopatra001,Cleopatra.jpg,Folder Contents,Cleopatra Folder Contents,Cleopatra,,Lode,,,Folder Contents,Contents;,Beaverhead,Beaverhead,Bryant,45.604123,-112.939745,3S,11W,3,,,Image;StillImage,image/jpeg,eng,"Hecla Mine, Ariadne, Cleve, Avon, Franklin, Trapper, Alta, Mark Anthony, Oneida, Condor, Pride Of The West, Minnie Gafney, Atlantis, True Fissure, Keokuk, Helene Kaufman; Everest & Glendale Millsites",
cleve_avon_mine001,Cleve_Avon_Mine.jpg,Folder Contents,Cleve Avon Mine Folder Contents,Cleve Avon Mine,,Lode,,,Folder Contents,Contents;,Beaverhead,Beaverhead,Bryant,45.6041,-112.91419,3S,11W,1,,,Image;StillImage,image/jpeg,eng,"Hecla Mine, Ariadne, Cleopatra, Franklin, Upper Cleve, Trapper, Alta, Mark Anthony, Oneida, Condor, Pride Of The West, Minnie Gafney, Atlantis, True Fissure, Keokuk, Helene Kaufman; Everest & Glendale Millsites",
clipper001,Clipper.jpg,Folder Contents,Clipper Folder Contents,Clipper,10664,Lode,,,Folder Contents,Contents;,Beaverhead,Beaverhead,Bloody Dick,44.99694,-113.33944,10S,14W,5,,,Image;StillImage,image/jpeg,eng,"Discolor, Eagle Prospect, Finvalley, Royal, Starlight",
comet_mine001,Comet_Mine.jpg,Folder Contents,Comet Mine Folder Contents,Comet Mine,,Lode,,,Folder Contents,Contents;,Beaverhead,Beaverhead,Elkhorn,45.4572,-113.055,4S,12W,26,,,Image;StillImage,image/jpeg,eng,Comet Mine,
coolidge001,Coolidge.jpg,Folder Contents,Coolidge Folder Contents,Coolidge,,Lode,,,Folder Contents,Contents;,Beaverhead,Beaverhead,Argenta,45.31,-112.8728,6S,10W,18,,,Image;StillImage,image/jpeg,eng,St Joseph Claim,
coolridge001,Coolridge.jpg,Folder Contents,Coolridge Folder Contents,Coolridge,,Lode,,,Folder Contents,Contents;,Beaverhead,Beaverhead,Elkhorn,45.47142,-113.07054,4S,12W,22,,,Image;StillImage,image/jpeg,eng,,
copper_bell001,Copper_Bell.jpg,Folder Contents,Copper Bell Folder Contents,Copper Bell,326,Lode,,,Folder Contents,Contents;,Beaverhead,Beaverhead,Argenta,45.2853,-112.8608,6S,10W,29,,,Image;StillImage,image/jpeg,eng,"A/K/A Louis Phillip; By Goldsmith, Hand, Jack Rabbit, Ferdinand Graybird",
copper_queen001,Copper_Queen.jpg,Folder Contents,Copper Queen Folder Contents,Copper Queen,,Lode,,,Folder Contents,Contents;,Beaverhead,Beaverhead,Bryant,45.21169,-113.61174,7S,16W,19,,,Image;StillImage,image/jpeg,eng,,
cottontail_mine001,Cottontail_Mine.jpg,Folder Contents,Cottontail Mine Folder Contents,Cottontail Mine,,Lode,,,Folder Contents,Contents;,Beaverhead,Beaverhead,Blue Wing,45.0444,-112.9456,9S,11W,22,,,Image;StillImage,image/jpeg,eng,"A/K/A Blue Wing; Around Kent, Huron, Blue Wing",
cowan_bar_placer001,Cowan_Bar_Placer.jpg,Folder Contents,Cowan Bar Placer Folder Contents,Cowan Bar Placer,,Placer,,,Folder Contents,Contents;,Beaverhead,Beaverhead,Grasshopper,45.1094,-112.8542,8S,10W,29,,,Image;StillImage,image/jpeg,eng,Grasshopper Creek,
crescent001,Crescent.jpg,Folder Contents,Crescent Folder Contents,Crescent,,Lode,,,Folder Contents,Contents;,Beaverhead,Beaverhead,Unorganized,45.08003,-112.52877,9S,8W,1,,,Image;StillImage,image/jpeg,eng,Crescent,
crown_smith_dillon001,Crown_Smith_Dillon.jpg,Folder Contents,Crown Smith Dillon Folder Contents,Crown Smith Dillon,,Lode,,,Folder Contents,Contents;,Beaverhead,Beaverhead,Axes Creek,45.12332,-112.54883,8S,8W,23,,,Image;StillImage,image/jpeg,eng,Axes Canyon Prospect,
crystal_graphite001,Crystal_Graphite.jpg,Folder Contents,Crystal Graphite Folder Contents,Crystal Graphite,,Lode,,,Folder Contents,Contents;,Beaverhead,Beaverhead,Ruby,45.1039,-112.5067,8S,7W,30,,,Image;StillImage,image/jpeg,eng,"Around Groundhog, Eureka, Last Chance, Homestake, Birds Nest, Mayflower, Faithful, Gopher, Lucky Boy, Badger, Sage, Antelope",
daisy_may001,Daisy_May.jpg,Folder Contents,Daisy May Folder Contents,Daisy May,,Lode,,,Folder Contents,Contents;,Beaverhead,Beaverhead,,45.72193,-112.90733,1S,11W,25,,,Image;StillImage,image/jpeg,eng,Daisy Vein,
dakota001,Dakota.jpg,Folder Contents,Dakota Folder Contents,Dakota,,Lode,,,Folder Contents,Contents;,Beaverhead,Beaverhead,Bannack,45.16633,-112.97739,8S,11W,5,,,Image;StillImage,image/jpeg,eng,"Around Gold Bug, Blue Grass",
dalys_spur001,Dalys_Spur.jpg,Folder Contents,Dalys Spur Folder Contents,Dalys Spur,,Lode,,,Folder Contents,Contents;,Beaverhead,Beaverhead,Dillon,45.0851988,-112.7800242,9S,10W,1,,,Image;StillImage,image/jpeg,eng,,
dark_horse001,Dark_Horse.jpg,Folder Contents,Dark Horse Folder Contents,Dark Horse,,Lode,,,Folder Contents,Contents;,Beaverhead,Beaverhead,Beaverhead,45.1678,-113.5875,8S,16W,5,,,Image;StillImage,image/jpeg,eng,"Around Alta B., Roy B., Copperstone.  Bloody Dick Dist. Dark Horse Dist.",
davis_mine001,Davis_Mine.jpg,Folder Contents,Davis Mine Folder Contents,Davis Mine,,Lode,,,Folder Contents,Contents;,Beaverhead,Beaverhead,Chinatown,44.89222,-113.19445,11S,13W,9,,,Image;StillImage,image/jpeg,eng,,
del_monte001,Del_Monte.jpg,Folder Contents,Del Monte Folder Contents,Del Monte,,Lode,,,Folder Contents,Contents;,Beaverhead,Beaverhead,Blue Wing,45.1947,-112.9597,7S,11W,28,,,Image;StillImage,image/jpeg,eng,Around Kent Mine,
dexter_mine001,Dexter_Mine.jpg,Folder Contents,Dexter Mine Folder Contents,Dexter Mine,,Lode,,,Folder Contents,Contents;,Beaverhead,Beaverhead,Argenta,45.3158,-112.8636,6S,10W,17,,,Image;StillImage,image/jpeg,eng,"Around May Day, Tuscarora, Gov. Tilden; Rosemont Mines",
diadem_mine001,Diadem_Mine.jpg,Folder Contents,Diadem Mine Folder Contents,Diadem Mine,,Lode,,,Folder Contents,Contents;,Beaverhead,Beaverhead,Wisdom,45.585,-113.3706,3S,14W,7,,,Image;StillImage,image/jpeg,eng,"A/K/A Arnold Mine; Incl.: Cabin, Lode Star; Mayflower; Ruth Arnold, Sylvia, Golden Eagle",
diamond001,Diamond.jpg,Folder Contents,Diamond Folder Contents,Diamond,9924D,Lode,,,Folder Contents,Contents;,Beaverhead,Beaverhead,Elkhorn,45.487,-113.0692,4S,12W,15,,,Image;StillImage,image/jpeg,eng,,
dillon_mine001,Dillon_Mine.jpg,Folder Contents,Dillon Mine Folder Contents,Dillon Mine,,Lode,,,Folder Contents,Contents;,Beaverhead,Beaverhead,Bald Mountain,45.3039,-113.0406,6S,12W,23,,,Image;StillImage,image/jpeg,eng,"Around Polaris, Silver King, Faithful, Nick Preen",
dillon_nickel001,Dillon_Nickel.jpg,Folder Contents,Dillon Nickel Folder Contents,Dillon Nickel,,Lode,,,Folder Contents,Contents;,Beaverhead,Beaverhead,Blacktail,45.0808,-112.4253,9S,7W,2,,,Image;StillImage,image/jpeg,eng,Nickel Lode Claims.  A/K/A Wolf Creek,
discolor001,Discolor.jpg,Folder Contents,Discolor Folder Contents,Discolor,10664,Lode,,,Folder Contents,Contents;,Beaverhead,Beaverhead,Bloody Dick,44.99694,-113.33944,10S,14W,5,,,Image;StillImage,image/jpeg,eng,"Clipper, Eagle Prospect, Finvalley, Royal, Starlight",
doodle_bug001,Doodle_Bug.jpg,Folder Contents,Doodle Bug Folder Contents,Doodle Bug,,Lode,,,Folder Contents,Contents;,Beaverhead,Beaverhead,Argenta,44.8956,-113.1706,11S,13W,10,,,Image;StillImage,image/jpeg,eng,Doodle Bug,
dubious001,Dubious.jpg,Folder Contents,Dubious Folder Contents,Dubious,9847,Lode,,,Folder Contents,Contents;,Beaverhead,Beaverhead,Elkhorn,45.48599,-113.0705,4S,12W,15,,,Image;StillImage,image/jpeg,eng,Dubious,
dubuque001,Dubuque.jpg,Folder Contents,Dubuque Folder Contents,Dubuque,10128,Lode,,,Folder Contents,Contents;,Beaverhead,Beaverhead,Bryant,,,,,,,,Image;StillImage,image/jpeg,eng,Dubuque,
dyce_creek_placer001,Dyce_Creek_Placer.jpg,Folder Contents,Dyce Creek Placer Folder Contents,Dyce Creek Placer,,Placer,,,Folder Contents,Contents;,Beaverhead,Beaverhead,Bald Mountain,45.28623,-113.03968,6S,12W,26,,,Image;StillImage,image/jpeg,eng,,
eagle001,Eagle.jpg,Folder Contents,Eagle Folder Contents,Eagle,,Lode,,,Folder Contents,Contents;,Beaverhead,Beaverhead,Beaverhead,44.99412,-113.34622,10S,14W,5,,,Image;StillImage,image/jpeg,eng,"Around Clipper, Starlight, Finvalley, Discolor, Royal",
echo_lode001,Echo_Lode.jpg,Folder Contents,Echo Lode Folder Contents,Echo Lode,,Lode,,,Folder Contents,Contents;,Beaverhead,Beaverhead,Bald Mountain,45.3242,-113.0344,6S,12W,11,,,Image;StillImage,image/jpeg,eng,,
elk_creek_vermiculite001,Elk_Creek_Vermiculite.jpg,Folder Contents,Elk Creek Vermiculite Folder Contents,Elk Creek Vermiculite,,Lode,,,Folder Contents,Contents;,Beaverhead,Beaverhead,,,,,,,,,Image;StillImage,image/jpeg,eng,,
elkhorn001,Elkhorn.jpg,Folder Contents,Elkhorn Folder Contents,Elkhorn,9847,Lode,,,Folder Contents,Contents;,Beaverhead,Beaverhead,Elkhorn,45.48989,-113.03979,4S,12W,14,,,Image;StillImage,image/jpeg,eng,"Elkhorn - Idanha #2 Copper Queen, Red Sky, St. Louis, Storm, Mono, Blue Eyed Annie, Atlas, Simpson, Mammoth, Ajax, Central, Golden Eagle, Governor",
elm_orlu001,Elm_Orlu.jpg,Folder Contents,Elm Orlu Folder Contents,Elm Orlu,,Lode,,,Folder Contents,Contents;,Beaverhead,Beaverhead,Bryant,45.1531,-112.9768,3S,11W,11,,,Image;StillImage,image/jpeg,eng,"A/K/A Keokuk; Fraction; Minnie Gaffney; Forest Queen; Bonaparte, Moffet, Maynard",
empire001,Empire.jpg,Folder Contents,Empire Folder Contents,Empire,2982,Lode,,,Folder Contents,Contents;,Beaverhead,Beaverhead,Bannack,45.26833,-112.91833,8S,11W,8,,,Image;StillImage,image/jpeg,eng,French Millsite,
ermont001,Ermont.jpg,Folder Contents,Ermont Folder Contents,Ermont,,Lode,,,Folder Contents,Contents;,Beaverhead,Beaverhead,Argenta,46.246389,-112.866019,6S,11W,35,,,Image;StillImage,image/jpeg,eng,"Includes Ermont Nos. 2, 19; A/K/A Ermont Group",
ermont_placer001,Ermont_Placer.jpg,Folder Contents,Ermont Placer Folder Contents,Ermont Placer,,Placer,,,Folder Contents,Contents;,Beaverhead,Beaverhead,Argenta,45.487,-113.0692,7S,10W,5,,,Image;StillImage,image/jpeg,eng,Orvana Reconnaissance,
evolution001,Evolution.jpg,Folder Contents,Evolution Folder Contents,Evolution,,Lode,,,Folder Contents,Contents;,Beaverhead,Beaverhead,Elkhorn,45.1494,-112.9786,4S,12W,14,,,Image;StillImage,image/jpeg,eng,"Around Atlas, Storm, Diamond, Loss Cloud",
excelsior001,Excelsior.jpg,Folder Contents,Excelsior Folder Contents,Excelsior,234,Lode,,,Folder Contents,Contents;,Beaverhead,Beaverhead,Bannack,45.1494,-112.9786,8S,11W,8,,,Image;StillImage,image/jpeg,eng,"Around Hendricks, Golden Leaf, Blue Grass, Gold Bug, Dakota",
fair_play001,Fair_Play.jpg,Folder Contents,Fair Play Folder Contents,Fair Play,8655,Lode,,,Folder Contents,Contents;,Beaverhead,Beaverhead,Bloody Dick,44.9494,-113.3241,10S,14W,,,,Image;StillImage,image/jpeg,eng,,
fairview001,Fairview.jpg,Folder Contents,Fairview Folder Contents,Fairview,,Lode,,,Folder Contents,Contents;,Beaverhead,Beaverhead,Utopia,45.4286,-112.7836,5S,10W,1,,,Image;StillImage,image/jpeg,eng,Fairview,
faithful_bald_mtn001,Faithful_Bald_Mtn.jpg,Folder Contents,Faithful Bald Mtn Folder Contents,Faithful Bald Mtn,,Lode,,,Folder Contents,Contents;,Beaverhead,Beaverhead,Bald Mountain,45.6922,-112.9469,6S,12W,24,,,Image;StillImage,image/jpeg,eng,"Alice, Capitol, Cable, Sunrise, Old Favorite, Around Gray (Grey) Jockey, Sheep Mountain",
faithful_vipond_park001,Faithful_Vipond_Park.jpg,Folder Contents,Faithful Vipond Park Folder Contents,Faithful Vipond Park,4801,Lode,,,Folder Contents,Contents;,Beaverhead,Beaverhead,Vipond Park,45.6992,-112.9469,2S,11W,3,,,Image;StillImage,image/jpeg,eng,"Alice, Capitol, Cable, Sunrise, Old Favorite, Around Gray (Grey) Jockey, Sheep Mountain",
ferdinand001,Ferdinand.jpg,Folder Contents,Ferdinand Folder Contents,Ferdinand,,Lode,,,Folder Contents,Contents;,Beaverhead,Beaverhead,Argenta,45.28056,-112.85444,6S,10W,29,,,Image;StillImage,image/jpeg,eng,"Around Norman, Belle, Magnolia",
finvalley001,Finvalley.jpg,Folder Contents,Finvalley Folder Contents,Finvalley,10664,Lode,,,Folder Contents,Contents;,Beaverhead,Beaverhead,Bloody Dick,44.99694,-113.33944,10S,14W,5,,,Image;StillImage,image/jpeg,eng,"Clipper, Discolor, Eagle Prospect, Royal, Starlight",
florence001,Florence.jpg,Folder Contents,Florence Folder Contents,Florence,10628,Lode,,,Folder Contents,Contents;,Beaverhead,Beaverhead,Utopia,45.3806,-112.8333,5S,10W,22,,,Image;StillImage,image/jpeg,eng,Around White's Bar,
free_silver001,Free_Silver.jpg,Folder Contents,Free Silver Folder Contents,Free Silver,5039,Lode,,,Folder Contents,Contents;,Beaverhead,Beaverhead,Bannack,45.1531,-112.9768,8S,11W,8,,,Image;StillImage,image/jpeg,eng,French Millsite,
french_millsite001,French_Millsite.jpg,Folder Contents,French Millsite Folder Contents,French Millsite,235,Lode,,,Folder Contents,Contents;,Beaverhead,Beaverhead,Bannack,45.1475,-112.9853,8S,11W,8,,,Image;StillImage,image/jpeg,eng,"Empire, Springfield, Wallace, French Lode",
galena001,Galena.jpg,Folder Contents,Galena Folder Contents,Galena,,Lode,,,Folder Contents,Contents;,Beaverhead,Beaverhead,Argenta,45.31278,-112.86028,6S,10W,17,,,Image;StillImage,image/jpeg,eng,Around Dexter Mine;Coolidge; Tuscarora;Rosemont,
gallup001,Gallup.jpg,Folder Contents,Gallup Folder Contents,Gallup,9963,Lode,,,Folder Contents,Contents;,Beaverhead,Beaverhead,Elkhorn,45.7229784,-113.5195077,4S,12W,14,,,Image;StillImage,image/jpeg,eng,"Around Tom Paine, Red Sky, Violet, Montreal, Mary, Homestake",
garret001,Garret.jpg,Folder Contents,Garret Folder Contents,Garret,,Lode,,,Folder Contents,Contents;,Beaverhead,Beaverhead,Bald Mountain,45.2985,-113.0176,6S,12W,24,,,Image;StillImage,image/jpeg,eng,"Alice, Capital, Faithful; Double Eagle",
gladstone001,Gladstone.jpg,Folder Contents,Gladstone Folder Contents,Gladstone,,Lode,,,Folder Contents,Contents;,Beaverhead,Beaverhead,Argenta,45.30972,-112.88806,6S,11W,13,,,Image;StillImage,image/jpeg,eng,"Around Argenta, The Jack; Midnight, Sylvia, Goodview, Ground Hog Mines",
glen_tungsten_mill001,Glen_Tungsten_Mill.jpg,Folder Contents,Glen Tungsten Mill Folder Contents,Glen Tungsten Mill,,Placer,,,Folder Contents,Contents;,Beaverhead,Beaverhead,Lost Creek,45.5119,-112.7353,4S,9W,5,,,Image;StillImage,image/jpeg,eng,"Kambich Springs, Sassman Gulch",
gold_bug001,Gold_Bug.jpg,Folder Contents,Gold Bug Folder Contents,Gold Bug,5038,Lode,,,Folder Contents,Contents;,Beaverhead,Beaverhead,Bannack,45.1594,-112.975,8S,11W,5,,,Image;StillImage,image/jpeg,eng,"Around Blue Grass; Ingersoll, Charter Oak, Golden Leaf",
gold_button001,Gold_Button.jpg,Folder Contents,Gold Button Folder Contents,Gold Button,,Lode,,,Folder Contents,Contents;,Beaverhead,Beaverhead,Bannack,,,,,,,,Image;StillImage,image/jpeg,eng,Gold Button,
gold_crown001,Gold_Crown.jpg,Folder Contents,Gold Crown Folder Contents,Gold Crown,,Lode,,,Folder Contents,Contents;,Beaverhead,Beaverhead,Unorganized,45.2112,-113.2833,7S,14W,22,,,Image;StillImage,image/jpeg,eng,,
gold_nugget001,Gold_Nugget.jpg,Folder Contents,Gold Nugget Folder Contents,Gold Nugget,,Lode,,,Folder Contents,Contents;,Beaverhead,Beaverhead,,45.3996,-112.8224,5S,10W,15,,,Image;StillImage,image/jpeg,eng,Kopper Koin,
gold_nugget_placer001,Gold_Nugget_Placer.jpg,Folder Contents,Gold Nugget Placer Folder Contents,Gold Nugget Placer,,Placer,,,Folder Contents,Contents;,Beaverhead,Beaverhead,Pioneer,45.5452,-113.7479,3S,17W,30,,,Image;StillImage,image/jpeg,eng,Ruby Creek Placer,
gold_ridge_mine001,Gold_Ridge_Mine.jpg,Folder Contents,Gold Ridge Mine Folder Contents,Gold Ridge Mine,,Lode,,,Folder Contents,Contents;,Beaverhead,Beaverhead,Wisdom,45.3705,-113.6656,5S,17W,26,,,Image;StillImage,image/jpeg,eng,Sometimes Known As Ranger Mine,
golden_dawn001,Golden_Dawn.jpg,Folder Contents,Golden Dawn Folder Contents,Golden Dawn,,Lode,,,Folder Contents,Contents;,Beaverhead,Beaverhead,Argenta,45.2985,-112.8951,6S,11W,24,,,Image;StillImage,image/jpeg,eng,Golden Dawn,
golden_eagle001,Golden_Eagle.jpg,Folder Contents,Golden Eagle Folder Contents,Golden Eagle,,Lode,,,Folder Contents,Contents;,Beaverhead,Beaverhead,Wisdom,45.5889,-113.3777,3S,14W,7,,,Image;StillImage,image/jpeg,eng,"A/K/A Arnold Mine; Incl.: Cabin, Lode Star; Mayflower; Ruth Arnold, Sylvia, Diadem",
golden_era001,Golden_Era.jpg,Folder Contents,Golden Era Folder Contents,Golden Era,,Lode,,,Folder Contents,Contents;,Beaverhead,Beaverhead,Argenta,45.3178,-112.8853,6S,11W,13,,,Image;StillImage,image/jpeg,eng,Around Gold Finch; Rena; Carbonate; Argenta Mines,
golden_gate001,Golden_Gate.jpg,Folder Contents,Golden Gate Folder Contents,Golden Gate,,Lode,,,Folder Contents,Contents;,Beaverhead,Beaverhead,Argenta,45.26833,-112.91,7S,11W,2,,,Image;StillImage,image/jpeg,eng,Near Ermont;,
golden_leaf001,Golden_Leaf.jpg,Folder Contents,Golden Leaf Folder Contents,Golden Leaf,247,Lode,,,Folder Contents,Contents;,Beaverhead,Beaverhead,Bannack,45.1556,-112.9844,8S,11W,8,,,Image;StillImage,image/jpeg,eng,"A/K/A Sleeping Princess; Around Excelsior, Wadams, Wallace Clms; Ingersoll Charter Oak, Gold Bug, Blue Grass Mines; Priscilla, French, Montana, Empire, Junction, Springfield",
goldfinch001,Goldfinch.jpg,Folder Contents,Goldfinch Folder Contents,Goldfinch,,Lode,,,Folder Contents,Contents;,Beaverhead,Beaverhead,Argenta,45.3075,-112.9,6S,11W,13,,,Image;StillImage,image/jpeg,eng,"Near Golden Era, Dutchman, Argenta, Syulvia, Midnight Mines; Bluebird, Dolphin, Harmonn, Sunny Day, Southside, Golden Crown, Big, Caledonia, Three Cheers, All Nations Claims",
goldmont001,Goldmont.jpg,Folder Contents,Goldmont Folder Contents,Goldmont,,Lode,,,Folder Contents,Contents;,Beaverhead,Beaverhead,Bannack,45.1676,-112.9972,8S,11W,5,,,Image;StillImage,image/jpeg,eng,"A/K/A Southmont; Around Blue Grass, Gold Bug, Pioneer",
goldsmith001,Goldsmith.jpg,Folder Contents,Goldsmith Folder Contents,Goldsmith,,Lode,,,Folder Contents,Contents;,Beaverhead,Beaverhead,Argenta,45.2878,-112.8725,6S,10W,30,,,Image;StillImage,image/jpeg,eng,"Near Tuscarora, Gov. Tilden, Florida, Wooley, Fraction, Fraction Placer, Reform, Burleigh, Spring; Mauldin, Iron Mountain Mines",
goldstone001,Goldstone.jpg,Folder Contents,Goldstone Folder Contents,Goldstone,,Lode,,,Folder Contents,Contents;,Beaverhead,Beaverhead,,,,,,,,,Image;StillImage,image/jpeg,eng,Near Idaho Border,
goodview001,Goodview.jpg,Folder Contents,Goodview Folder Contents,Goodview,,Lode,,,Folder Contents,Contents;,Beaverhead,Beaverhead,Argenta,45.30694,-112.8819,6S,10W,18,,,Image;StillImage,image/jpeg,eng,"Near Midnight, Ground Hog, Argenta, Sylvia Mines; Carbonate",
governor001,Governor.jpg,Folder Contents,Governor Folder Contents,Governor,9962,Lode,,,Folder Contents,Contents;,Beaverhead,Beaverhead,Elkhorn,45.48599,-113.0705,4S,12W,15,,,Image;StillImage,image/jpeg,eng,Near Dubious,
governor_tilden001,Governor_Tilden.jpg,Folder Contents,Governor Tilden Folder Contents,Governor Tilden,,Lode,,,Folder Contents,Contents;,Beaverhead,Beaverhead,Argenta,45.31278,-112.87333,6S,10W,18,,,Image;StillImage,image/jpeg,eng,"A/K/A Tuscarora, Wooley",
grace_no_1_prospect001,Grace_No_1_Prospect.jpg,Folder Contents,Grace No 1 Prospect Folder Contents,Grace No 1 Prospect,,Lode,,,Folder Contents,Contents;,Beaverhead,Beaverhead,Big Muddy,44.63095,-112.92718,14S,11W,10,,,Image;StillImage,image/jpeg,eng,A/K/A Copper King,
graphite_deposit001,Graphite_Deposit.jpg,Folder Contents,Graphite Deposit Folder Contents,Graphite Deposit,,Lode,,,Folder Contents,Contents;,Beaverhead,Beaverhead,Unorganized,,,,,,,,Image;StillImage,image/jpeg,eng,,
grasshopper_1_lode001,Grasshopper_1_Lode.jpg,Folder Contents,Grasshopper 1 Lode Folder Contents,Grasshopper 1 Lode,,Lode,,,Folder Contents,Contents;,Beaverhead,Beaverhead,Bannack,45.1492,112.9853,8S,11W,8,,,Image;StillImage,image/jpeg,eng,Grasshopper No. 1 Lode,
grasshopper_placer001,Grasshopper_Placer.jpg,Folder Contents,Grasshopper Placer Folder Contents,Grasshopper Placer,,Placer,,,Folder Contents,Contents;,Beaverhead,Beaverhead,Bannack,45.1353,-112.9419,8S,11W,15,,,Image;StillImage,image/jpeg,eng,Near Priscilla,
grasshopper_prospect001,Grasshopper_Prospect.jpg,Folder Contents,Grasshopper Prospect Folder Contents,Grasshopper Prospect,,Placer,,,Folder Contents,Contents;,Beaverhead,Beaverhead,Bannack,45.1567,-112.9186,8S,11W,1,,,Image;StillImage,image/jpeg,eng,,
gray_jockey001,Gray_Jockey.jpg,Folder Contents,Gray Jockey Folder Contents,Gray Jockey,,Lode,,,Folder Contents,Contents;,Beaverhead,Beaverhead,Vipond Park,45.695,-112.9311,2S,11W,2,,,Image;StillImage,image/jpeg,eng,Green Lizard,
graybird001,Graybird.jpg,Folder Contents,Graybird Folder Contents,Graybird,,Lode,,,Folder Contents,Contents;,Beaverhead,Beaverhead,Argenta,45.2844,-112.8508,6S,10W,29,,,Image;StillImage,image/jpeg,eng,"Near Goldsmith, Ferdinand, Jack Rabbit Mines",
great_western001,Great_Western.jpg,Folder Contents,Great Western Folder Contents,Great Western,,Lode,,,Folder Contents,Contents;,Beaverhead,Beaverhead,Quartz Hill,45.7186,-112.9033,1S,11W,25,,,Image;StillImage,image/jpeg,eng,Near Lone Pine Mine,
green_lizard001,Green_Lizard.jpg,Folder Contents,Green Lizard Folder Contents,Green Lizard,,Lode,,,Folder Contents,Contents;,Beaverhead,Beaverhead,Vipond Park,45.6914,-112.9319,2S,11W,2,,,Image;StillImage,image/jpeg,eng,Grey (Gray) Jockey,
greenstone001,Greenstone.jpg,Folder Contents,Greenstone Folder Contents,Greenstone,,Lode,,,Folder Contents,Contents;,Beaverhead,Beaverhead,Utopia,45.4128,-112.8033,5S,10W,11,,,Image;StillImage,image/jpeg,eng,Near Indian Queen Mine,
greenwich001,Greenwich.jpg,Folder Contents,Greenwich Folder Contents,Greenwich,,Lode,,,Folder Contents,Contents;,Beaverhead,Beaverhead,Utopia,,,,,,,,Image;StillImage,image/jpeg,eng,"Near Treasury, Algoma",
greenwood_tailings001,Greenwood_Tailings.jpg,Folder Contents,Greenwood Tailings Folder Contents,Greenwood Tailings,,Lode,,,Folder Contents,Contents;,Beaverhead,Beaverhead,,,,,,,,,Image;StillImage,image/jpeg,eng,Greenwood Tailings,
grotto001,Grotto.jpg,Folder Contents,Grotto Folder Contents,Grotto,9847,Lode,,,Folder Contents,Contents;,Beaverhead,Beaverhead,Elkhorn,45.487,-113.0486,4S,12W,14,,,Image;StillImage,image/jpeg,eng,Near Dubious,
ground_hog001,Ground_Hog.jpg,Folder Contents,Ground Hog Folder Contents,Ground Hog,,Lode,,,Folder Contents,Contents;,Beaverhead,Beaverhead,Argenta,45.3083,-112.8769,6S,10W,18,,,Image;StillImage,image/jpeg,eng,Near Fissure,
guy001,Guy.jpg,Folder Contents,Guy Folder Contents,Guy,,Lode,,,Folder Contents,Contents;,Beaverhead,Beaverhead,Elkhorn,45.4589,-113.0528,4S,12W,26,,,Image;StillImage,image/jpeg,eng,A/K/A Gar; Around Park,
h_s001,H_S.jpg,Folder Contents,H S Folder Contents,H S,,Lode,,,Folder Contents,Contents;,Beaverhead,Beaverhead,Chinatown,44.8894,-113.1939,11S,13W,9,,,Image;StillImage,image/jpeg,eng,A/K/A Davis Mine,
haggerty001,Haggerty.jpg,Folder Contents,Haggerty Folder Contents,Haggerty,,Lode,,,Folder Contents,Contents;,Beaverhead,Beaverhead,Utopia,45.3922,-112.8228,5S,10W,22,,,Image;StillImage,image/jpeg,eng,"A/K/A Haggerty Claim; Near Kopper Koin, Big Duece; Indian Queen Mine",
hamilton001,Hamilton.jpg,Folder Contents,Hamilton Folder Contents,Hamilton,,Lode,,,Folder Contents,Contents;,Beaverhead,Beaverhead,Chinatown,,,,,,,,Image;StillImage,image/jpeg,eng,Near Hattie,
hand_mine001,Hand_Mine.jpg,Folder Contents,Hand Mine Folder Contents,Hand Mine,,Lode,,,Folder Contents,Contents;,Beaverhead,Beaverhead,Argenta,45.2869,-112.865,6S,10W,29,,,Image;StillImage,image/jpeg,eng,"A/K/A Mauldin, Ermont Group; Near Brownell, Anaconda, Jack Rabbit, Iron Mountain, Mauldin Mines",
hazel001,Hazel.jpg,Folder Contents,Hazel Folder Contents,Hazel,,Lode,,,Folder Contents,Contents;,Beaverhead,Beaverhead,Elkhorn,45.47137,-113.04979,4S,12W,23,,,Image;StillImage,image/jpeg,eng,,
hecla001,Hecla.jpg,Folder Contents,Hecla Folder Contents,Hecla,,Lode,,,Folder Contents,Contents;,Beaverhead,Beaverhead,Bryant,45.601188,-112.935545,6S,12W,11,,,Image;StillImage,image/jpeg,eng,Near Silver King; Minnie Gaffney,
helena001,Helena.jpg,Folder Contents,Helena Folder Contents,Helena,,Lode,,,Folder Contents,Contents;,Beaverhead,Beaverhead,Unorganized,,,,,,,,Image;StillImage,image/jpeg,eng,Helena,
hendricks001,Hendricks.jpg,Folder Contents,Hendricks Folder Contents,Hendricks,,Lode,,,Folder Contents,Contents;,Beaverhead,Beaverhead,Bannack,45.1556,-112.9961,8S,11W,7,,,Image;StillImage,image/jpeg,eng,"A/K/A Graeter, Apex, Graeter Tunnel; Near Suffield; Near Excelsior Mine",
hidden_treasure001,Hidden_Treasure.jpg,Folder Contents,Hidden Treasure Folder Contents,Hidden Treasure,,Lode,,,Folder Contents,Contents;,Beaverhead,Beaverhead,McCartney Mountain,45.503,-112.59838,4S,8W,9,,,Image;StillImage,image/jpeg,eng,"Near Back Pay, Virgie K., Vernadel, Nig #1, Nig #2, Rose, Gold Leaf, Double, Eagle, Gold Crown",
hillside001,Hillside.jpg,Folder Contents,Hillside Folder Contents,Hillside,3534,Placer,,,Folder Contents,Contents;,Beaverhead,Beaverhead,Bannack,45.1519,-112.9853,8S,11W,8,,,Image;StillImage,image/jpeg,eng,"Near Horace, Golden Leaf, Junction, Pioneer",
hoffman_group001,Hoffman_Group.jpg,Folder Contents,Hoffman Group Folder Contents,Hoffman Group,,Lode,,,Folder Contents,Contents;,Beaverhead,Beaverhead,Unorganized,45.47386,-112.70159,4S,9W,22,,,Image;StillImage,image/jpeg,eng,,
hogback001,Hogback.jpg,Folder Contents,Hogback Folder Contents,Hogback,,Lode,,,Folder Contents,Contents;,Beaverhead,Beaverhead,,45.4,-112.5994,5S,8W,10,,,Image;StillImage,image/jpeg,eng,Near Sodak Mine; Includes Gob 1 - Gob10; Hogback 1-3,
homestake001,Homestake.jpg,Folder Contents,Homestake Folder Contents,Homestake,9965,Lode,,,Folder Contents,Contents;,Beaverhead,Beaverhead,Elkhorn,45.47571,-113.05767,4S,12W,23,,,Image;StillImage,image/jpeg,eng,,
homestake_t14s_r12w001,Homestake_T14S_R12W.jpg,Folder Contents,Homestake T14S R12W Folder Contents,Homestake T14S R12W,,Lode,,,Folder Contents,Contents;,Beaverhead,Beaverhead,Elkhorn,,,,,,,,Image;StillImage,image/jpeg,eng,Includes Laura And Gold Bug,
horace001,Horace.jpg,Folder Contents,Horace Folder Contents,Horace,7610,Placer,,,Folder Contents,Contents;,Beaverhead,Beaverhead,Bannack,45.1489,-112.9819,8S,11W,8,,,Image;StillImage,image/jpeg,eng,Horace,
horn_silver001,Horn_Silver.jpg,Folder Contents,Horn Silver Folder Contents,Horn Silver,,Lode,,,Folder Contents,Contents;,Beaverhead,Beaverhead,Argenta,45.3083,-112.8744,6S,10W,18,,,Image;StillImage,image/jpeg,eng,Horn Silver,
horse_prairie001,Horse_Prairie.jpg,Folder Contents,Horse Prairie Folder Contents,Horse Prairie,,Lode,,,Folder Contents,Contents;,Beaverhead,Beaverhead,Horse Prairie,,,,,,,,Image;StillImage,image/jpeg,eng,Horse Prairie,
hrs_claim_group001,Hrs_Claim_Group.jpg,Folder Contents,Hrs Claim Group Folder Contents,Hrs Claim Group,,Lode,,,Folder Contents,Contents;,Beaverhead,Beaverhead,,45.18277,-113.58957,7S,16W,32,,,Image;StillImage,image/jpeg,eng,Hrs Claim Group,
humboldt001,Humboldt.jpg,Folder Contents,Humboldt Folder Contents,Humboldt,10086,Lode,,,Folder Contents,Contents;,Beaverhead,Beaverhead,Elkhorn,45.487,-113.0692,4S,12W,15,,,Image;StillImage,image/jpeg,eng,"Near Diamond; Storm, Simpson, St. Louis, White Owl",
huron001,Huron.jpg,Folder Contents,Huron Folder Contents,Huron,,Lode,,,Folder Contents,Contents;,Beaverhead,Beaverhead,Blue Wing,45.1917,-112.9553,7S,11W,28,,,Image;StillImage,image/jpeg,eng,A/K/A Cottontail; Near Kent,
idanha001,Idanha.jpg,Folder Contents,Idanha Folder Contents,Idanha,9847,Lode,,,Folder Contents,Contents;,Beaverhead,Beaverhead,Elkhorn,45.487,-113.0486,4S,12W,14,,,Image;StillImage,image/jpeg,eng,"Near Red Top, Mona, Aspen",
indian_chief001,Indian_Chief.jpg,Folder Contents,Indian Chief Folder Contents,Indian Chief,,Lode,,,Folder Contents,Contents;,Beaverhead,Beaverhead,Utopia,45.3996,-112.8224,5S,10W,15,,,Image;StillImage,image/jpeg,eng,"Includes Ida, Nipper; Adjoins Indian Queen",
indian_queen001,Indian_Queen.jpg,Folder Contents,Indian Queen Folder Contents,Indian Queen,2147,Lode,,,Folder Contents,Contents;,Beaverhead,Beaverhead,Utopia,45.3978,-112.8192,5S,10W,15,,,Image;StillImage,image/jpeg,eng,Indian Queen,
ingersoll001,Ingersoll.jpg,Folder Contents,Ingersoll Folder Contents,Ingersoll,,Lode,,,Folder Contents,Contents;,Beaverhead,Beaverhead,Bannack,45.1731,-112.9544,8S,11W,4,,,Image;StillImage,image/jpeg,eng,"Near Charter Oak, Gold Bug, Golden Leaf; Bob Ingersoll, Colonel Ingersoll, Contact, Silver Rose",
iron_age001,Iron_Age.jpg,Folder Contents,Iron Age Folder Contents,Iron Age,3246,Lode,,,Folder Contents,Contents;,Beaverhead,Beaverhead,Blue Wing,45.2019,-112.9183,7S,11W,26,,,Image;StillImage,image/jpeg,eng,Near Tron,
iron_mask001,Iron_Mask.jpg,Folder Contents,Iron Mask Folder Contents,Iron Mask,,Lode,,,Folder Contents,Contents;,Beaverhead,Beaverhead,Blue Wing,45.1886,-112.9472,7S,11W,28,,,Image;StillImage,image/jpeg,eng,Iron Mask,
iron_mountain001,Iron_Mountain.jpg,Folder Contents,Iron Mountain Folder Contents,Iron Mountain,2485,Lode,,,Folder Contents,Contents;,Beaverhead,Beaverhead,Argenta,45.2853,-112.8683,6S,10W,30,,,Image;StillImage,image/jpeg,eng,Iron Mountain,
ivanhoe001,Ivanhoe.jpg,Folder Contents,Ivanhoe Folder Contents,Ivanhoe,2137,Lode,,,Folder Contents,Contents;,Beaverhead,Beaverhead,Lost Creek,45.5208,-112.8364,4S,10W,3,,,Image;StillImage,image/jpeg,eng,"A/K/A Brownes Lake Tungsten /Ivanhoe, Browns Lake Deposit, Brown's Lake, Lentung Group",
ixl001,Ixl.jpg,Folder Contents,Ixl Folder Contents,Ixl,9106,Lode,,,Folder Contents,Contents;,Beaverhead,Beaverhead,Ruby,45.445603,-113.076382,4S,12W,22,,,Image;StillImage,image/jpeg,eng,,
jack_rabbit001,Jack_Rabbit.jpg,Folder Contents,Jack Rabbit Folder Contents,Jack Rabbit,8508,Lode,,,Folder Contents,Contents;,Beaverhead,Beaverhead,Argenta,45.2858,-112.8589,6S,10W,29,,,Image;StillImage,image/jpeg,eng,"Near Ferdinand, Maudlin, Anaconda Mines;",
jackson001,Jackson.jpg,Folder Contents,Jackson Folder Contents,Jackson,,Lode,,,Folder Contents,Contents;,Beaverhead,Beaverhead,Saginaw,45.2872,-113.6656,6S,17W,27,,,Image;StillImage,image/jpeg,eng,On Miner Creek,
jahnke001,Jahnke.jpg,Folder Contents,Jahnke Folder Contents,Jahnke,,Lode,,,Folder Contents,Contents;,Beaverhead,Beaverhead,Beaverhead,45.1886,-113.5864,7S,16W,32,,,Image;StillImage,image/jpeg,eng,"A/K/A Straight Tip, Montana Oreway; Includes Good Hope, Wabash, Mt. Vernon, Ranger & Potomac.  Bannack Dist.  Janke Dist.",
jake001,Jake.jpg,Folder Contents,Jake Folder Contents,Jake,,Lode,,,Folder Contents,Contents;,Beaverhead,Beaverhead,Argenta,45.31185,-112.87585,6S,10W,18,,,Image;StillImage,image/jpeg,eng,Jake,
jeanette001,Jeanette.jpg,Folder Contents,Jeanette Folder Contents,Jeanette,,Lode,,,Folder Contents,Contents;,Beaverhead,Beaverhead,Blue Wing,45.1828,-112.9522,7S,11W,33,,,Image;StillImage,image/jpeg,eng,Jeanette,
jeff_davis001,Jeff_Davis.jpg,Folder Contents,Jeff Davis Folder Contents,Jeff Davis,,Lode,,,Folder Contents,Contents;,Beaverhead,Beaverhead,Chinatown,44.889426,-113.177367,11S,13W,10,,,Image;StillImage,image/jpeg,eng,Orvana Reconnaissance,
junction001,Junction.jpg,Folder Contents,Junction Folder Contents,Junction,2893,Lode,,,Folder Contents,Contents;,Beaverhead,Beaverhead,Bannack,45.1564,-112.9875,8S,11W,7,,,Image;StillImage,image/jpeg,eng,"Near South Side Placer, Excelsior Placer, Pioneer Placer; Near Wadasms, Wallace, French, Golden Leaf, Montana, Empire Springfield",
kent001,Kent.jpg,Folder Contents,Kent Folder Contents,Kent,,Lode,,,Folder Contents,Contents;,Beaverhead,Beaverhead,Blue Wing,45.1861,-112.9514,7S,11W,33,,,Image;StillImage,image/jpeg,eng,"A/K/A Whopper; Bannack; Blue Wing; Bannack Chief; Near Jay Gould, Edith, E.M. Wilson , Nettie",
keokuk001,Keokuk.jpg,Folder Contents,Keokuk Folder Contents,Keokuk,,Lode,,,Folder Contents,Contents;,Beaverhead,Beaverhead,Bryant,45.5925,112.9381,3S,11W,10,,,Image;StillImage,image/jpeg,eng,"A/K/A Keokirk; Near Elm Orlu Mine; Forest Queen, Minnie Gaffney, Bonaparte, Moffet & Maynard, Elm Orlu",
keystone_bryant001,Keystone_Bryant.jpg,Folder Contents,Keystone Bryant Folder Contents,Keystone Bryant,,Lode,,,Folder Contents,Contents;,Beaverhead,Beaverhead,Bryant Park,45.7528,112.9006,1S,11W,13,,,Image;StillImage,image/jpeg,eng,"Red Cliff, Monte Cristo",
keystone_chinatown001,Keystone_Chinatown.jpg,Folder Contents,Keystone Chinatown Folder Contents,Keystone Chinatown,,Lode,,,Folder Contents,Contents;,Beaverhead,Beaverhead,Chinatown,45.0436,-112.4561,9S,7W,22,,,Image;StillImage,image/jpeg,eng,"Monte Cristo, Red Cliff",
lacy_creek001,Lacy_Creek.jpg,Folder Contents,Lacy Creek Folder Contents,Lacy Creek,,Lode,,,Folder Contents,Contents;,Beaverhead,Beaverhead,Elkhorn,45.60139,-113.12333,3S,12W,6,,,Image;StillImage,image/jpeg,eng,,
lamplighter001,Lamplighter.jpg,Folder Contents,Lamplighter Folder Contents,Lamplighter,,Lode,,,Folder Contents,Contents;,Beaverhead,Beaverhead,Vipond Park,45.6356,-112.9817,2S,11W,29,,,Image;StillImage,image/jpeg,eng,Lamplighter,
laurilene_no_1,Laurilene_No_1.jpg,Folder Contents,Laurilene No Folder Contents,Laurilene No,,Lode,,,Folder Contents,Contents;,Beaverhead,Beaverhead,Bannack,45.1622,-112.9783,8S,11W,5,,,Image;StillImage,image/jpeg,eng,Near Bea Ann,
leadville001,Leadville.jpg,Folder Contents,Leadville Folder Contents,Leadville,,Lode,,,Folder Contents,Contents;,Beaverhead,Beaverhead,Wise River,45.7042,-112.9547,1S,11W,34,,,Image;StillImage,image/jpeg,eng,Tuxedo,
leah_may001,Leah_May.jpg,Folder Contents,Leah May Folder Contents,Leah May,,Lode,,,Folder Contents,Contents;,Beaverhead,Beaverhead,Argenta,45.3042,-112.8239,6S,10W,22,,,Image;StillImage,image/jpeg,eng,Montana Dist.,
leap_year001,Leap_Year.jpg,Folder Contents,Leap Year Folder Contents,Leap Year,9847,Lode,,,Folder Contents,Contents;,Beaverhead,Beaverhead,Elkhorn,45.487,-113.0486,4S,12W,14,,,Image;StillImage,image/jpeg,eng,Leap Year,
legal_tender001,Legal_Tender.jpg,Folder Contents,Legal Tender Folder Contents,Legal Tender,6961,Lode,,,Folder Contents,Contents;,Beaverhead,Beaverhead,Argenta,45.29714,-112.89585,6S,11W,24,,,Image;StillImage,image/jpeg,eng,"A/K/A Old Legal Tender; Near Sylvia, Goldfinch Mines",
lentung001,Lentung.jpg,Folder Contents,Lentung Folder Contents,Lentung,,Lode,,,Folder Contents,Contents;,Beaverhead,Beaverhead,Lost Creek,45.5183,-112.8283,4S,10W,3,,,Image;StillImage,image/jpeg,eng,"A/K/A Union Brown's Lake, Carbide,  Ivanhoe, Union Carbide /Us Borax Claims",
lincoln001,Lincoln.jpg,Folder Contents,Lincoln Folder Contents,Lincoln,10084,Lode,,,Folder Contents,Contents;,Beaverhead,Beaverhead,Elkhorn,45.4724,-113.0692,4S,12W,22,,,Image;StillImage,image/jpeg,eng,"Near Montreal, Copper Queen, Lynx",
linda001,Linda.jpg,Folder Contents,Linda Folder Contents,Linda,,Lode,,,Folder Contents,Contents;,Beaverhead,Beaverhead,Wise River,45.8452,-113.1673,1N,13W,12,,,Image;StillImage,image/jpeg,eng,"Near Calvert, Red Button Mines",
lion_mountain001,Lion_Mountain.jpg,Folder Contents,Lion Mountain Folder Contents,Lion Mountain,,Lode,,,Folder Contents,Contents;,Beaverhead,Beaverhead,Bryant,45.6047,-112.9356,3S,11W,2,,,Image;StillImage,image/jpeg,eng,,
little_bell001,Little_Bell.jpg,Folder Contents,Little Bell Folder Contents,Little Bell,,Lode,,,Folder Contents,Contents;,Beaverhead,Beaverhead,Bald Mountain,45.2895,-113.0585,6S,12W,22,,,Image;StillImage,image/jpeg,eng,"Near Grizzly Bear, Dement",
little_hawk001,Little_Hawk.jpg,Folder Contents,Little Hawk Folder Contents,Little Hawk,4324,Lode,,,Folder Contents,Contents;,Beaverhead,Beaverhead,Bald Mountain,45.3203,-113.0533,6S,12W,15,,,Image;StillImage,image/jpeg,eng,Bartholdi,
little_nugget001,Little_Nugget.jpg,Folder Contents,Little Nugget Folder Contents,Little Nugget,,Lode,,,Folder Contents,Contents;,Beaverhead,Beaverhead,Wisdom,45.4756,-113.0692,4S,12W,22,,,Image;StillImage,image/jpeg,eng,"New Discovery, Montana Oreway, North Star, Tacoma",
little_sheep001,Little_Sheep.jpg,Folder Contents,Little Sheep Folder Contents,Little Sheep,,Lode,,,Folder Contents,Contents;,Beaverhead,Beaverhead,Big Muddy,44.5733,-112.6836,14S,12W,34,,,Image;StillImage,image/jpeg,eng,A/K/A Sheep Creek (Little),
lone_pine001,Lone_Pine.jpg,Folder Contents,Lone Pine Folder Contents,Lone Pine,,Lode,,,Folder Contents,Contents;,Beaverhead,Beaverhead,Vipond Park,45.715,-112.8992,1S,11W,25,,,Image;StillImage,image/jpeg,eng,"Near Excelsior, Greeley, Silver King, Silver Star, Blue Bell",
lost_cloud001,Lost_Cloud.jpg,Folder Contents,Lost Cloud Folder Contents,Lost Cloud,,Lode,,,Folder Contents,Contents;,Beaverhead,Beaverhead,Polaris,45.3669,-113.085,5S,12W,28,,,Image;StillImage,image/jpeg,eng,,
lost_creek001,Lost_Creek001.jpg,Folder Contents,Lost Creek Folder Contents,Lost Creek,,Lode,,,Folder Contents,Contents;,Beaverhead,Beaverhead,Utopia,45.4333,-112.7953,5S,10W,2,,,Image;StillImage,image/jpeg,eng,A/K/A Sugar Loaf; Willow Creek,
lost_creek002,Lost_Creek002.jpg,Folder Contents,Lost Creek Folder Contents,Lost Creek,,Lode,,,Folder Contents,Contents;,Beaverhead,Beaverhead,Utopia,45.4333,-112.7953,5S,10W,2,,,Image;StillImage,image/jpeg,eng,A/K/A Sugar Loaf; Willow Creek,
lost_creek003,Lost_Creek003.jpg,Folder Contents,Lost Creek Folder Contents,Lost Creek,,Lode,,,Folder Contents,Contents;,Beaverhead,Beaverhead,Utopia,45.4333,-112.7953,5S,10W,2,,,Image;StillImage,image/jpeg,eng,A/K/A Sugar Loaf; Willow Creek,
lost_creek004,Lost_Creek004.jpg,Folder Contents,Lost Creek Folder Contents,Lost Creek,,Lode,,,Folder Contents,Contents;,Beaverhead,Beaverhead,Utopia,45.4333,-112.7953,5S,10W,2,,,Image;StillImage,image/jpeg,eng,A/K/A Sugar Loaf; Willow Creek,
lucky_jim_beam001,Lucky_Jim_Beam.jpg,Folder Contents,Lucky Jim Beam Folder Contents,Lucky Jim,,Lode,,,Folder Contents,Contents;,Beaverhead,Beaverhead,Wisdom,45.4519,-113.2786,4S,14W,25,,,Image;StillImage,image/jpeg,eng,Lucky Jim Beam,
lucky_strike_argenta001,Lucky_Strike_Argenta.jpg,Folder Contents,Lucky Strike Argenta Folder Contents,Lucky Strike,,Lode,,,Folder Contents,Contents;,Beaverhead,Beaverhead,Argenta,44.8819,-113.1486,11S,13W,14,,,Image;StillImage,image/jpeg,eng,Lucky Strike,
lucky_strike_horse_prairie001,Lucky_Strike_Horse_Prairie.jpg,Folder Contents,Lucky Strike Horse Prairie Folder Contents,Lucky Strike,,Lode,,,Folder Contents,Contents;,Beaverhead,Beaverhead,Horse Prairie,45.63528,-112.83056,2S,10W,27,,,Image;StillImage,image/jpeg,eng,A/K/A Storm King,
lucky_strike_vipond001,Lucky_Strike_Vipond_Park.jpg,Folder Contents,Lucky Strike Vipond Folder Contents,Lucky Strike,,Lode,,,Folder Contents,Contents;,Beaverhead,Beaverhead,Vipond Park,45.335,-112.8661,6S,10W,6,,,Image;StillImage,image/jpeg,eng,A/K/A Storm King,
lulu001,Lulu.jpg,Folder Contents,Lulu Folder Contents,Lulu,9964,Lode,,,Folder Contents,Contents;,Beaverhead,Beaverhead,Elkhorn,45.48593,-113.04969,4S,12W,14,,,Image;StillImage,image/jpeg,eng,"Near Park, Old Elkhorn, Central",
lynx_lode001,Lynx_Lode.jpg,Folder Contents,Lynx Lode,Lynx Lode,9854,Lode,,,Folder Contents,Contents;,Beaverhead,Beaverhead,Elkhorn,45.4724,-113.0629,4S,12W,22,,,Image;StillImage,image/jpeg,eng,,
maiden_creek_copper001,Maiden_Creek_Copper.jpg,Folder Contents,Maiden Creek Copper Folder Contents,Maiden Creek,,Lode,,,Folder Contents,Contents;,Beaverhead,Beaverhead,Chinatown,44.8622,-113.1519,11S,13W,23,,,Image;StillImage,image/jpeg,eng,Maiden Creek Copper,
mark_twain001,Mark_Twain.jpg,Folder Contents,Mark Twain,Mark Twain,,Lode,,,Folder Contents,Contents;,Beaverhead,Beaverhead,Bryant,,,,,,,,Image;StillImage,image/jpeg,eng,Mark Twain,
martin001,Martin.jpg,Folder Contents,Martin Folder Contents,Martin,,Lode,,,Folder Contents,Contents;,Beaverhead,Beaverhead,Wisdom,45.5592,-113.2569,3S,13W,19,,,Image;StillImage,image/jpeg,eng,"Near Trapper, Pocahontas, Cross Fox Claims",
mary001,Mary.jpg,Folder Contents,Mary Folder Contents,Mary,9963,Lode,,,Folder Contents,Contents;,Beaverhead,Beaverhead,Elkhorn,45.47496,-113.06223,4S,12W,22,,,Image;StillImage,image/jpeg,eng,"Near Mammoth; Arora, Vilet",
maudlin_mine001,Maudlin_Mine.jpg,Folder Contents,Maudlin Mine Folder Contents,Maudlin Mine,,Lode,,,Folder Contents,Contents;,Beaverhead,Beaverhead,Argenta,45.28684,-112.86596,6S,10W,29,,,Image;StillImage,image/jpeg,eng,"A/K/A Hand Mine, Ermont Group",
mayday001,Mayday.jpg,Folder Contents,Mayday Folder Contents,Mayday,,Lode,,,Folder Contents,Contents;,Beaverhead,Beaverhead,Argenta,45.3194,-112.8744,6S,10W,7,,,Image;StillImage,image/jpeg,eng,Near Payday,
mccarthy001,Mccarthy.jpg,Folder Contents,McCarthy Folder Contents,McCarthy,,Lode,,,Folder Contents,Contents;,Beaverhead,Beaverhead,Big Muddy,44.6172,-112.73,14S,9W,6,,,Image;StillImage,image/jpeg,eng,A/K/A/ Deadwood; Carleen Claim,
mcconnell001,Mcconnell.jpg,Folder Contents,McConnell Folder Contents,McConnell,,Lode,,,Folder Contents,Contents;,Beaverhead,Beaverhead,Elkhorn,45.4492,-113.0733,4S,12W,33,,,Image;StillImage,image/jpeg,eng,"A/K/A Wellman Mine; Consists Of W.M.C, Northern Light, Virginia, Toledo, California, Oswego, Chicago, New York, I.X.L., Sadie, Nevada",
midnight001,Midnight.jpg,Folder Contents,Midnight Folder Contents,Midnight,4450,Lode,,,Folder Contents,Contents;,Beaverhead,Beaverhead,Argenta,45.30694,-112.88556,6S,11W,13,,,Image;StillImage,image/jpeg,eng,Midnight Extension,
minnie_gaffney001,Minnie_Gaffney.jpg,Folder Contents,Minnie Gaffney Folder Contents,Minnie Gaffney,,Lode,,,Folder Contents,Contents;,Beaverhead,Beaverhead,Bryant,45.5908,-112.9292,3S,11W,11,,,Image;StillImage,image/jpeg,eng,,
miwanatock001,Miwanatock.jpg,Folder Contents,Miwanatock Folder Contents,Miwanatock,,Lode,,,Folder Contents,Contents;,Beaverhead,Beaverhead,Vipond Park,,,,,,,,Image;StillImage,image/jpeg,eng,A/K/A Mewanahawk,
montana_lode001,Montana_Lode.jpg,Folder Contents,Montana Lode Folder Contents,Montana Lode,,Lode,,,Folder Contents,Contents;,Beaverhead,Beaverhead,Pioneer,45.5625,-113.7272,03S,17W,20,,,Image;StillImage,image/jpeg,eng,"A/K/A Montana Iron, Moosehorn Mine; Jumper #1",
monte_cristo001,Monte_Cristo.jpg,Folder Contents,Monte Cristo Folder Contents,Monte Cristo,,Lode,,,Folder Contents,Contents;,Beaverhead,Beaverhead,Vipond Park,45.7314,-112.9022,01S,11W,24,,,Image;StillImage,image/jpeg,eng,"Near Lone Pine, Daisy Vein, Great Western Mines",
montezuma001,Montezuma.jpg,Folder Contents,Montezuma Folder Contents,Montezuma,,Lode,,,Folder Contents,Contents;,Beaverhead,Beaverhead,Elkhorn,45.3705,-113.0898,05S,12W,28,,,Image;StillImage,image/jpeg,eng,,
montreal001,Montreal.jpg,Folder Contents,Montreal Folder Contents,Montreal,9963,Lode,,,Folder Contents,Contents;,Beaverhead,Beaverhead,Elkhorn,45.48057,-113.05768,04S,12W,14,,,Image;StillImage,image/jpeg,eng,"Near Mary, Arora, Snowdrop, St. Louis",
monument001,Monument.jpg,Folder Contents,Monument Folder Contents,Monument,809,Lode,,,Folder Contents,Contents;,Beaverhead,Beaverhead,Horse Prairie,45.0003,-113.3214,10S,14W,4,,,Image;StillImage,image/jpeg,eng,"Near Saginaw, Sunshine Mines",
moosehorn001,Moosehorn.jpg,Folder Contents,Moosehorn Folder Contents,Moosehorn,,Lode,,,Folder Contents,Contents;,Beaverhead,Beaverhead,Pioneer,45.5597,-113.7319,03S,17W,17,,,Image;StillImage,image/jpeg,eng,A/K/A Montana Iron; Jumper #1,
mountain_sheep001,Mountain_Sheep.jpg,Folder Contents,Mountain Sheep Folder Contents,Mountain Sheep,,Lode,,,Folder Contents,Contents;,Beaverhead,Beaverhead,Bryant,45.5886,-112.9264,03S,11W,1,,,Image;StillImage,image/jpeg,eng,,
nevada001,Nevada.jpg,Folder Contents,Nevada Folder Contents,Nevada,,Lode,,,Folder Contents,Contents;,Beaverhead,Beaverhead,Jake Creek,44.9622,-112.4822,10S,07W,17,,,Image;StillImage,image/jpeg,eng,Nevada,
new_ariadne001,New_Ariadne.jpg,Folder Contents,New Ariadne Folder Contents,New Ariadne,,Lode,,,Folder Contents,Contents;,Beaverhead,Beaverhead,Bryant,45.606111,-112.929444,03S,11W,2,,,Image;StillImage,image/jpeg,eng,Part Of Lion Mtn Group,
new_deal001,New_Deal.jpg,Folder Contents,New Deal Folder Contents,New Deal,,Lode,,,Folder Contents,Contents;,Beaverhead,Beaverhead,,,,,,,,,Image;StillImage,image/jpeg,eng,New Deal,
new_departure001,New_Departure.jpg,Folder Contents,New Departure Folder Contents,New Departure,,Lode,,,Folder Contents,Contents;,Beaverhead,Beaverhead,Blue Wing,45.1975,-112.9208,07S,11W,26,,,Image;StillImage,image/jpeg,eng,"Near Guardian, Quien Sabe, Cliff, Director, Shield, Signal, Protecto",
new_year_1910001,New_Year_1910.jpg,Folder Contents,New Year 1910 Folder Contents,New Year 1910,9965,Lode,,,Folder Contents,Contents;,Beaverhead,Beaverhead,Elkhorn,45.47802,-113.04567,04S,12W,23,,,Image;StillImage,image/jpeg,eng,"Near Wise River, Red Sky, President Claims",
niagara001,Niagara.jpg,Folder Contents,Niagara Folder Contents,Niagara,,Lode,,,Folder Contents,Contents;,Beaverhead,Beaverhead,Bryant,45.60417,-112.94821,03S,11W,3,,,Image;StillImage,image/jpeg,eng,"Near Bannack Lode, Nero, Oneida",
nick_preen001,Nick_Preen.jpg,Folder Contents,Nick Preen Folder Contents,Nick Preen,,Lode,,,Folder Contents,Contents;,Beaverhead,Beaverhead,Bald Mountain,45.3156,-113.0319,06S,12W,14,,,Image;StillImage,image/jpeg,eng,Near Faithful Mine,
nickel_lode001,Nickel_Lode.jpg,Folder Contents,Nickel Lode Folder Contents,Nickel Lode,,Lode,,,Folder Contents,Contents;,Beaverhead,Beaverhead,Blacktail,45.08071,-112.40572,09S,07W,1,,,Image;StillImage,image/jpeg,eng,,
north_star001,North_Star.jpg,Folder Contents,North Star Folder Contents,North Star,,Lode,,,Folder Contents,Contents;,Beaverhead,Beaverhead,Wisdom,45.8533,-113.0881,01N,12W,9,,,Image;StillImage,image/jpeg,eng,"A/K/A South Star; Near Orsola, Moon Beam, Bald Mountain",
old_elkhorn001,Old_Elkhorn.jpg,Folder Contents,Old Elkhorn Folder Contents,Old Elkhorn,9964,Lode,,,Folder Contents,Contents;,Beaverhead,Beaverhead,Elkhorn,45.49,-113.0386,04S,12W,14,,,Image;StillImage,image/jpeg,eng,"Near Storm, Simpson, Snowdrop, Park, Blue Jay, Mono, Atlas",
old_faithful001,Old_Faithful.jpg,Folder Contents,Old Faithful Folder Contents,Old Faithful,,Lode,,,Folder Contents,Contents;,Beaverhead,Beaverhead,Bald Mountain,45.2992,-113.0233,06S,12W,24,,,Image;StillImage,image/jpeg,eng,Old Faithful,
oneida_mine001,Oneida_Mine.jpg,Folder Contents,Oneida Mine Folder Contents,Oneida Mine,,Lode,,,Folder Contents,Contents;,Beaverhead,Beaverhead,Bryant,45.60384,-112.9378,03S,11W,3,,,Image;StillImage,image/jpeg,eng,,
oro_fino001,Oro_Fino.jpg,Folder Contents,Oro Fino Folder Contents,Oro Fino,,Lode,,,Folder Contents,Contents;,Beaverhead,Beaverhead,Utopia,45.3925,-112.8353,05S,10W,22,,,Image;StillImage,image/jpeg,eng,Oro Fino,
oro_placer001,Oro_Placer.jpg,Folder Contents,Oro Placer Folder Contents,Oro Placer,,Placer,,,Folder Contents,Contents;,Beaverhead,Beaverhead,Argenta,45.25,-112.8594,07S,10W,5,,,Image;StillImage,image/jpeg,eng,Oro Placer,
orvana_general001,Orvana_General.jpg,Folder Contents,Orvana General Folder Contents,Orvana General,,Lode,,,Folder Contents,Contents;,Beaverhead,Beaverhead,,,,,,,,,Image;StillImage,image/jpeg,eng,Orvana Reconnaissance,
p_r001,P_R.jpg,Folder Contents,P & R Folder Contents,P & R,,Lode,,,Folder Contents,Contents;,Beaverhead,Beaverhead,Bald Mountain,45.3069,-113.0678,06S,12W,22,,,Image;StillImage,image/jpeg,eng,P & R,
park_bald_mountain001,Park_Bald_Mountain.jpg,Folder Contents,Park Folder Contents,Park Argenta,,Lode,,,Folder Contents,Contents;,Beaverhead,Beaverhead,Argenta,45.3378,-112.9028,06S,11W,1,,,Image;StillImage,image/jpeg,eng,"Near Lulu, Washington; Atlas, Mono, Rand, Yellow Band Group",
park_elkhorn001,Park_Elkhorn.jpg,Folder Contents,Park Folder Contents,Park Elkhorn,9964,Lode,,,Folder Contents,Contents;,Beaverhead,Beaverhead,Elkhorn (Coolidge/Wise River),45.4836,-113.0492,04S,12W,14,,,Image;StillImage,image/jpeg,eng,"Near Lulu, Washington; Atlas, Mono, Rand, Yellow Band Group",
payday001,Payday.jpg,Folder Contents,Payday Folder Contents,Payday,,Lode,,,Folder Contents,Contents;,Beaverhead,Beaverhead,Argenta,45.3194,-112.8744,06S,10W,7,,,Image;StillImage,image/jpeg,eng,Next To Mayday,
peat_lease001,Peat_Lease.jpg,Folder Contents,Peat Lease Folder Contents,Peat Lease,,Lode,,,Folder Contents,Contents;,Beaverhead,Beaverhead,Ajax,45.4697,-113.6064,04S,16W,20,,,Image;StillImage,image/jpeg,eng,Peat Lease,
peterson_deposit001,Peterson_Deposit.jpg,Folder Contents,Peterson Deposit Folder Contents,Peterson Deposit,,Lode,,,Folder Contents,Contents;,Beaverhead,Beaverhead,Monida ?,44.5617,-112.645,15S,09W,1,,,Image;StillImage,image/jpeg,eng,Peterson Deposit,
pine_tree001,Pine_Tree.jpg,Folder Contents,Pine Tree Folder Contents,Pine Tree,,Lode,,,Folder Contents,Contents;,Beaverhead,Beaverhead,Argenta,45.3272,-112.9108,06S,11W,11,,,Image;StillImage,image/jpeg,eng,"A/K/A Yellow Band Group And Part Of Shafer Group; Next To Pine Tree No. 2, Silverlight, Silverlight No. 2, Red Bird, Hillside",
pioneer001,Pioneer.jpg,Folder Contents,Pioneer Folder Contents,Pioneer,,Lode,,,Folder Contents,Contents;,Beaverhead,Beaverhead,Saginaw,45.2278,-113.5892,07S,16W,17,,,Image;StillImage,image/jpeg,eng,"A/K/A Pioneer Placer, Near Saginaw Mine",
pioneer_placer001,Pioneer_Placer.jpg,Folder Contents,Pioneer Placer Folder Contents,Pioneer Placer,10067,Placer,,,Folder Contents,Contents;,Beaverhead,Beaverhead,Bannack,45.1676,-112.9768,08S,11W,5,,,Image;StillImage,image/jpeg,eng,A/K/A Pioneer Placer,
placer_creek001,Placer_Creek.jpg,Folder Contents,Placer Creek Folder Contents,Placer Creek,,Placer,,,Folder Contents,Contents;,Beaverhead,Beaverhead,Unorganized,45.6889,-113.6891,02S,17W,3,,,Image;StillImage,image/jpeg,eng,,
polaris001,Polaris.jpg,Folder Contents,Polaris Folder Contents,Polaris,,Lode,,,Folder Contents,Contents;,Beaverhead,Beaverhead,Polaris,45.366363,-113.083924,05S,12W,28,,,Image;StillImage,image/jpeg,eng,"Near Silver King Mine; Near Apex, Silver Fissure Claims; Rosalind",
pomeroy001,Pomeroy.jpg,Folder Contents,Pomeroy Folder Contents,Pomeroy,,Lode,,,Folder Contents,Contents;,Beaverhead,Beaverhead,Blue Wing,45.1989,-112.9664,07S,11W,28,,,Image;StillImage,image/jpeg,eng,Near Del Monte Mine; A/K/A Brick Pomeroy,
pride_of_the_west001,Pride_Of_The_West.jpg,Folder Contents,Pride Of The West Folder Contents,Pride Of The West,,Placer,,,Folder Contents,Contents;,Beaverhead,Beaverhead,Bryant,45.55889,-112.9481,03S,11W,3,,,Image;StillImage,image/jpeg,eng,,
priscilla001,Priscilla.jpg,Folder Contents,Priscilla Folder Contents,Priscilla,,Lode,,,Folder Contents,Contents;,Beaverhead,Beaverhead,Bannack,45.1572,-112.9839,08S,11W,8,,,Image;StillImage,image/jpeg,eng,Priscilla,
puzzler001,Puzzler.jpg,Folder Contents,Puzzler Folder Contents,Puzzler,,Lode,,,Folder Contents,Contents;,Beaverhead,Beaverhead,Bloody Dick,,,,,,,,Image;StillImage,image/jpeg,eng,Puzzler,
quartz_hill001,Quartz_Hill.jpg,Folder Contents,Quartz Hill Folder Contents,Quartz Hill,,Lode,,,Folder Contents,Contents;,Beaverhead,Beaverhead,Vipond Park,45.715,-112.8992,01S,11W,25,,,Image;StillImage,image/jpeg,eng,A/K/A Lone Pine Group;,
queen_mab001,Queen_Mab.jpg,Folder Contents,Queen Mab Folder Contents,Queen Mab,,Lode,,,Folder Contents,Contents;,Beaverhead,Beaverhead,Bryant,,,,,,,,Image;StillImage,image/jpeg,eng,Queen Mab,
queen_of_the_hills001,Queen_Of_The_Hills.jpg,Folder Contents,Queen Of The Hills Folder Contents,Queen Of The Hills,,Lode,,,Folder Contents,Contents;,Beaverhead,Beaverhead,Vipond Park,45.6719,-112.9539,02S,11W,10,,,Image;StillImage,image/jpeg,eng,Near Sheep Mountain Mine & Faithful Mine,
ram_lode001,Ram_Lode.jpg,Folder Contents,Ram Lode Folder Contents,Ram Lode,10085,Lode,,,Folder Contents,Contents;,Beaverhead,Beaverhead,Elkhorn,45.48599,-113.0705,04S,12W,15,,,Image;StillImage,image/jpeg,eng,"Near White Seal, Grotto, Atlas, Lost Cloud, Polaris Claims",
randall001,Randall.jpg,Folder Contents,Randall Folder Contents,Randall,,Lode,,,Folder Contents,Contents;,Beaverhead,Beaverhead,Blue Wing,45.1828,-112.9567,07N,11W,33,,,Image;StillImage,image/jpeg,eng,Adjoins Kent Mine,
red_sky001,Red_Sky.jpg,Folder Contents,Red Sky Folder Contents,Red Sky,5035,Lode,,,Folder Contents,Contents;,Beaverhead,Beaverhead,Elkhorn,45.478164,-113.053296,04S,12W,23,,,Image;StillImage,image/jpeg,eng,,
red_steer_prospect001,Red_Steer_Prospect.jpg,Folder Contents,Red Steer Prospect Folder Contents,Red Steer Prospect,,Lode,,,Folder Contents,Contents;,Beaverhead,Beaverhead,Vipond Park,45.8221,-113.14075,01N,12W,19,,,Image;StillImage,image/jpeg,eng,,
red_top_no2001,Red_Top_No_2.jpg,Folder Contents,Red Top No. 2 Folder Contents,Red Top No. 2,9847,Lode,,,Folder Contents,Contents;,Beaverhead,Beaverhead,Elkhorn (Coolidge/Wise River),45.486185,-113.039845,04S,12W,14,,,Image;StillImage,image/jpeg,eng,Near Idanha No. 2,
reliance001,Reliance.jpg,Folder Contents,Reliance Folder Contents,Reliance,,Lode,,,Folder Contents,Contents;,Beaverhead,Beaverhead,Unknown,45.313,-112.8746,06S,10W,18,,,Image;StillImage,image/jpeg,eng,"Near Goodview, Midnight, Ground Hog, Carbonate Sylvia Mines",
rena001,Rena.jpg,Folder Contents,Rena Folder Contents,Rena,,Lode,,,Folder Contents,Contents;,Beaverhead,Beaverhead,Argenta,45.3139,-112.8819,06S,10W,18,,,Image;StillImage,image/jpeg,eng,"Near May Day, Goldfinch, Goodview, Sylvia, Carbonate, Golden Era Mines",
rosalind001,Rosalind.jpg,Folder Contents,Rosalind Folder Contents,Rosalind,,Lode,,,Folder Contents,Contents;,Beaverhead,Beaverhead,Vipond Park,45.7115,-112.9361,01S,11W,34,,,Image;StillImage,image/jpeg,eng,"Olin, Grandby, Tuxedo, Polaris, Vega, Madison, Jefferson, Adson, Forest Lode, Gray Jockey, Mewonitoc, Faithful",
rosebud001,Rosebud.jpg,Folder Contents,Rosebud Folder Contents,Rosebud,,Lode,,,Folder Contents,Contents;,Beaverhead,Beaverhead,Chinatown,,,,,,,,Image;StillImage,image/jpeg,eng,Rosebud,
rosemont001,Rosemont.jpg,Folder Contents,Rosemont Folder Contents,Rosemont,,Lode,,,Folder Contents,Contents;,Beaverhead,Beaverhead,Argenta,45.3192,-112.8503,06S,10W,8,,,Image;StillImage,image/jpeg,eng,"Near Dexter, Galena, Coolidge Mines",
royal001,Royal.jpg,Folder Contents,Royal Folder Contents,Royal,10664,Lode,,,Folder Contents,Contents;,Beaverhead,Beaverhead,Bloody Dick,44.9944,-113.3308,10S,14W,4,,,Image;StillImage,image/jpeg,eng,"Discolor, Starlight, Finvalley, Eagle, Clipper Lodes",
ruby_creek_placer001,Ruby_Creek_Placer.jpg,Folder Contents,Ruby Creek Placer Folder Contents,Ruby Creek Placer,,Placer,,,Folder Contents,Contents;,Beaverhead,Beaverhead,Pioneer,45.5408,113.73,03S,17W,29,,,Image;StillImage,image/jpeg,eng,"Ruby Creek Project, Arcadia",
ruby_mine001,Ruby_Mine.jpg,Folder Contents,Ruby Mine Folder Contents,Ruby Mine,,Lode,,,Folder Contents,Contents;,Beaverhead,Beaverhead,N/A,44.55667,-111.66667,15S,01W,1,,,Image;StillImage,image/jpeg,eng,,
ruby_quartz_lode001,Ruby_Quartz_Lode.jpg,Folder Contents,Ruby Quartz Lode Folder Contents,Ruby Quartz Lode,9965,Lode,,,Folder Contents,Contents;,Beaverhead,Beaverhead,Elkhorn,45.4724,-113.0486,04S,12W,23,,,Image;StillImage,image/jpeg,eng,"Near A Jack, Hazel, Black Demon, Bonanza Claims",
san_francisco001,San_Francisco.jpg,Folder Contents,San Francisco Folder Contents,San Francisco,,Lode,,,Folder Contents,Contents;,Beaverhead,Beaverhead,Elkhorn (Coolidge/Wise River),45.4578,-113.0486,04S,12W,26,,,Image;StillImage,image/jpeg,eng,"Near Perhaps, Chinaman, Magnitude, Magnet Lodes",
sata_maira_rainbow001,Sata_Maira_Rainbow.jpg,Folder Contents,Sata Maira Rainbow Folder Contents,Sata Maira Rainbow,,Lode,,,Folder Contents,Contents;,Beaverhead,Beaverhead,Utopia,45.3692,-112.8242,05S,10W,21,,,Image;StillImage,image/jpeg,eng,A/K/A Santa Maira Rainbow Group,
shafer_prospect001,Shafer_Prospect.jpg,Folder Contents,Shafer Prospect Folder Contents,Shafer Prospect,,,,,Folder Contents,Contents;,Beaverhead,Beaverhead,Ermont,45.2386719,-112.9980663,07S,11W,7,,,Image;StillImage,image/jpeg,eng,,
sheep_mountain001,Sheep_Mountain.jpg,Folder Contents,Sheep Mountain Folder Contents,Sheep Mountain,,Lode,,,Folder Contents,Contents;,Beaverhead,Beaverhead,Vipond Park,45.6772,-112.9694,02S,11W,9,,,Image;StillImage,image/jpeg,eng,"Near Queen Of The Hills, Faithful Mines",
silver_belle001,Silver_Belle.jpg,Folder Contents,Silver Belle Folder Contents,Silver Belle,,Lode,,,Folder Contents,Contents;,Beaverhead,Beaverhead,Blue Wing,45.1997,112.9667,07S,11W,28,,,Image;StillImage,image/jpeg,eng,A/K/A Silver Belt,
silver_dollar001,Silver_Dollar.jpg,Folder Contents,Silver Dollar Folder Contents,Silver Dollar,,Lode,,,Folder Contents,Contents;,Beaverhead,Beaverhead,Blue Wing,,,,,,,,Image;StillImage,image/jpeg,eng,Silver Dollar,
silver_glow001,Silver_Glow.jpg,Folder Contents,Silver Glow Folder Contents,Silver Glow,,Lode,,,Folder Contents,Contents;,Beaverhead,Beaverhead,N/A,,,,,,,,Image;StillImage,image/jpeg,eng,North Of Yellow Band Mine; Includes Sunflower,
silver_king_T3S_R11W_S11001,Silver_King_T3S_R11W_S11.jpg,Folder Contents,Silver King T3S R11W S11 Folder Contents,Silver King T3S R11W S11,,Lode,,,Folder Contents,Contents;,Beaverhead,Beaverhead,Polaris,45.3636,-113.0844,05S,12W,28,,,Image;StillImage,image/jpeg,eng,Near Polaris Mine; A/K/A Dakota ?,
silver_king_T5S_R12W_S28001,Silver_King_T5S_R12W_S28.jpg,Folder Contents,Silver King T5S R12W S28 Folder Contents,Silver King T5S R12W S28,,Lode,,,Folder Contents,Contents;,Beaverhead,Beaverhead,Bryant,45.5867,-112.9258,03S,11W,11,,,Image;StillImage,image/jpeg,eng,Part Of Hecla Group; Near Minnie Gaffney; Harvey & Day Claims,
silver_quartz001,Silver_Quartz.jpg,Folder Contents,Silver Quartz Folder Contents,Silver Quartz,,Lode,,,Folder Contents,Contents;,Beaverhead,Beaverhead,Bryant,45.55889,-112.9481,03S,11W,22,,,Image;StillImage,image/jpeg,eng,Part Of Hecla Group; Near Minnie Gaffney; Harvey & Day Claims,
silver_queen001,Silver_Queen.jpg,Folder Contents,Silver Queen Folder Contents,Silver Queen,,Lode,,,Folder Contents,Contents;,Beaverhead,Beaverhead,Jake Creek,44.9656,-112.4919,10S,07W,17,,,Image;StillImage,image/jpeg,eng,Silver Queen,
silver_ridge_group001,Silver_Ridge_Group.jpg,Folder Contents,Silver Ridge Group Folder Contents,Silver Ridge Group,,Lode,,,Folder Contents,Contents;,Beaverhead,Beaverhead,Saginaw,45.3686,-113.675,05S,17W,26,,,Image;StillImage,image/jpeg,eng,"A/K/A S & S, Slag-A-Melt-, Ranger Mines",
silver_star001,Silver_Star.jpg,Folder Contents,Silver Star Folder Contents,Silver Star,,Lode,,,Folder Contents,Contents;,Beaverhead,Beaverhead,Blue Wing,45.1764,-112.9514,07S,11W,33,,,Image;StillImage,image/jpeg,eng,"A/K/A Lone Star, Log Cabin",
sir_walter_scott001,Sir_Walter_Scott.jpg,Folder Contents,Sir Walter Scott Folder Contents,Sir Walter Scott,10604,Lode,,,Folder Contents,Contents;,Beaverhead,Beaverhead,Argenta,45.28307,-112.876395,6S,10W,30,,,Image;StillImage,image/jpeg,eng,,
sleeping_princess_group001,Sleeping_Princess_Group.jpg,Folder Contents,Sleeping Princess Group Folder Contents,Sleeping Princess Group,,Lode,,,Folder Contents,Contents;,Beaverhead,Beaverhead,Bannack,45.1519,-112.9767,08S,11W,8,,,Image;StillImage,image/jpeg,eng,A/K/A Golden Leaf,
smith_dillon_talc001,Smith_Dillon_Talc.jpg,Folder Contents,Smith Dillon Talc Folder Contents,Smith Dillon Talc,,Lode,,,Folder Contents,Contents;,Beaverhead,Beaverhead,Axes Creek,45.12,-112.5519,08S,08W,23,,,Image;StillImage,image/jpeg,eng,Crown Smith-Dillon; Barretts; Treasure,
southside_placer001,Southside_Placer.jpg,Folder Contents,Southside Placer Folder Contents,Southside Placer,1282,Placer,,,Folder Contents,Contents;,Beaverhead,Beaverhead,Bannack,45.15195,-112.97738,08S,11W,8,,,Image;StillImage,image/jpeg,eng,French Millsite,
spanish001,Spanish.jpg,Folder Contents,Spanish Folder Contents,Spanish,3688,Lode,,,Folder Contents,Contents;,Beaverhead,Beaverhead,Argenta,45.2953,-112.8914,06S,11W,24,,,Image;StillImage,image/jpeg,eng,,
springfield001,Springfield.jpg,Folder Contents,Springfield Folder Contents,Springfield,248,Lode,,,Folder Contents,Contents;,Beaverhead,Beaverhead,Bannack,45.15699,-112.9862,08S,11W,8,,,Image;StillImage,image/jpeg,eng,French Millsite,
star_123001,Star_1_2_3.jpg,Folder Contents,Star 123 Folder Contents,Star 123,,Lode,,,Folder Contents,Contents;,Beaverhead,Beaverhead,Elkhorn,45.7894,-113.0272,01N,12W,36,,,Image;StillImage,image/jpeg,eng,A/K/A Star And Star Extension Mine,
starlight_T6S_R10W_S22001,Starlight_T6S_R10W_S22.jpg,Folder Contents,Starlight T6S R10W S22 Folder Contents,Starlight T6S R10W S22,10664,Lode,,,Folder Contents,Contents;,Beaverhead,Beaverhead,Bloody Dick,44.9961,-113.3292,10S,14W,5,,,Image;StillImage,image/jpeg,eng,"Near Butte, Finvalley, Bell, Discolor, Royal, Clipper, Eagle Prospect",
starlight_T6S_R11W_S24001,Starlight_T6S_R11W_S24.jpg,Folder Contents,Starlight T6S R11W S24 Folder Contents,Starlight T6S R11W S24,,Lode,,,Folder Contents,Contents;,Beaverhead,Beaverhead,Argenta,45.3042,-112.8239,06S,10W,22,,,Image;StillImage,image/jpeg,eng,"Near Butte, Finvalley, Bell, Discolor, Royal, Clipper, Eagle Prospect",
starlight_T10S_R14W_S5001,Starlight_T10S_R14W_S5.jpg,Folder Contents,Starlight T10S R14W S5 Folder Contents,Starlight T10S R14W S5,,Lode,,,Folder Contents,Contents;,Beaverhead,Beaverhead,Argenta,45.2925,-112.8847,06S,11W,24,,,Image;StillImage,image/jpeg,eng,"Near Butte, Finvalley, Bell, Discolor, Royal, Clipper, Eagle Prospect",
stone_creek001,Stone_Creek.jpg,Folder Contents,Stone Creek Folder Contents,Stone Creek,,N/A,,,Folder Contents,Contents;,Beaverhead,Beaverhead,Wisdom,45.69263,-113.19584,02S,13W,,,,Image;StillImage,image/jpeg,eng,Stony Creek Gold Mining And Milling Company (In Folder),
storm001,Storm.jpg,Folder Contents,Storm Folder Contents,Storm,1696,Lode,,,Folder Contents,Contents;,Beaverhead,Beaverhead,Elkhorn,45.4828,-113.0583,04S,12W,14,,,Image;StillImage,image/jpeg,eng,Storm,
sunshine001,Sunshine.jpg,Folder Contents,Sunshine Folder Contents,Sunshine,,Lode,,,Folder Contents,Contents;,Beaverhead,Beaverhead,Bloody Dick,45.0008,-113.3403,10S,14W,5,,,Image;StillImage,image/jpeg,eng,"Near Monument, Silver Bow, Jungfrau, Fair Play, Alpine Fraction, Baltic, Night Owl",
sweeney_T7S_R12W_S22001,Sweeney_T7S_R12W_S22.jpg,Folder Contents,Sweeney  T7S R12W S22 Folder Contents,Sweeney T7S R12W S22,,Lode,,,Folder Contents,Contents;,Beaverhead,Beaverhead,Bald Mountain,45.2194,-113.0689,07S,12W,22,,,Image;StillImage,image/jpeg,eng,Sweeney,
sweeney_T13S_R12W_S1001,Sweeney_T13S_R12W_S1.jpg,Folder Contents,Sweeney  T13S R12W S1 Folder Contents,Sweeney  T13S R12W S1,,Lode,,,Folder Contents,Contents;,Beaverhead,Beaverhead,Medicine Lodge,44.7269,-113.0106,13S,12W,1,,,Image;StillImage,image/jpeg,eng,"A/K/A Owl No. 1 & 2, Bonanza  2",
sylvia001,Sylvia.jpg,Folder Contents,Sylvia Folder Contents,Sylvia,,Lode,,,Folder Contents,Contents;,Beaverhead,Beaverhead,Argenta,45.3047,-112.8908,06S,11W,13,,,Image;StillImage,image/jpeg,eng,And Sylvia Extension,
telstar001,Telstar.jpg,Folder Contents,Telstar Folder Contents,Telstar,,Lode,,,Folder Contents,Contents;,Beaverhead,Beaverhead,Elkhorn,45.45685,-113.04994,04S,12W,26,,,Image;StillImage,image/jpeg,eng,Telstar,
tender001,Tender.jpg,Folder Contents,Tender Folder Contents,Tender,,Lode,,,Folder Contents,Contents;,Beaverhead,Beaverhead,Argenta,45.2969,-112.8911,06S,11W,24,,,Image;StillImage,image/jpeg,eng,Tender Group,
thomas_paine001,Thomas_Paine.jpg,Folder Contents,Thomas Paine Folder Contents,Thomas Paine,9925,Lode,,,Folder Contents,Contents;,Beaverhead,Beaverhead,Elkhorn,45.4724,-113.0692,04S,12W,22,,,Image;StillImage,image/jpeg,eng,"A/K/A Thomas Pane;  Arora, Red Sky; Montreal; Homestake; Mary",
thunderbird001,Thunderbird.jpg,Folder Contents,Thunderbird Folder Contents,Thunderbird,,Lode,,,Folder Contents,Contents;,Beaverhead,Beaverhead,Elkhorn,45.48459,-113.0451,04S,12W,14,,,Image;StillImage,image/jpeg,eng,Thunderbird,
tiger001,Tiger.jpg,Folder Contents,Tiger Folder Contents,Tiger,,Lode,,,Folder Contents,Contents;,Beaverhead,Beaverhead,Elkhorn,45.4708,-113.0483,04S,12W,23,,,Image;StillImage,image/jpeg,eng,Tiger,
trapper001,Trapper.jpg,Folder Contents,Trapper Folder Contents,Trapper,,Lode,,,Folder Contents,Contents;,Beaverhead,Beaverhead,Bryant,45.5986,-112.9139,03S,11W,1,,,Image;StillImage,image/jpeg,eng,"Near Franklin, Cleve Mines; Forest Queen Claim",
trapper_creek001,Trapper_Creek.jpg,Folder Contents,Trapper Creek Folder Contents,Trapper Creek,,Lode,,,Folder Contents,Contents;,Beaverhead,Beaverhead,Bryant,45.6399,-112.75149,02S,09W,29,,,Image;StillImage,image/jpeg,eng,A/K/A Atkinson Manganese,
tri_state_minerals001,Tri_State_Minerals.jpg,Folder Contents,Tri-State Minerals Folder Contents,Tri-State Minerals,,N/A,,,Folder Contents,Contents;,Beaverhead,Beaverhead,Dillon,,,,,,,,Image;StillImage,image/jpeg,eng,Bought Out By C. Pfizer & Co.,
true_blue_millsite001,True_Blue_Millsite.jpg,Folder Contents,True Blue Millsite Folder Contents,True Blue Millsite,,Lode,,,Folder Contents,Contents;,Beaverhead,Beaverhead,Hecla,45.602727,-112.928933,03S,11W,2,,,Image;StillImage,image/jpeg,eng,True Blue Millsite,
true_dog_group001,True_Dog_Group.jpg,Folder Contents,True Dog Group Folder Contents,True Dog Group,,Placer,,,Folder Contents,Contents;,Beaverhead,Beaverhead,Ruby (?),44.77408,-111.83244,12S,02W,22,,,Image;StillImage,image/jpeg,eng,"Near Sage Hen, Franklin Delano Roosevelt, Gumbo Flats, Hiram, Major Minor, Mesa, Flossie, Minnie, Lenora, Diamond Jack, Handy Andy; Also In Madison County",
true_fissure001,True_Fissure.jpg,Folder Contents,True Fissure Folder Contents,True Fissure,2234,Lode,,,Folder Contents,Contents;,Beaverhead,Beaverhead,Bryant,45.6047,-112.9383,03S,11W,2,,,Image;StillImage,image/jpeg,eng,,
tungsten_-_general001,Tungsten_General.jpg,Folder Contents,Tungsten - General Folder Contents,Tungsten - General,,Lode,,,Folder Contents,Contents;,Beaverhead,Beaverhead,Unorganized,,,,,,,,Image;StillImage,image/jpeg,eng,,
tuscarora001,Tuscarora.jpg,Folder Contents,Tuscarora Folder Contents,Tuscarora,1920,Lode,,,Folder Contents,Contents;,Beaverhead,Beaverhead,Argenta,45.3128,-112.8736,06S,10W,18,,,Image;StillImage,image/jpeg,eng,"Governor Tilden, Wooley",
tuxedo001,Tuxedo.jpg,Folder Contents,Tuxedo Folder Contents,Tuxedo,,Lode,,,Folder Contents,Contents;,Beaverhead,Beaverhead,Vipond Park,45.7114,-112.9344,01S,11W,34,,,Image;StillImage,image/jpeg,eng,Near Gray (Grey) Jockey Mine,
ucon001,Ucon.jpg,Folder Contents,Ucon Folder Contents,Ucon,10088,Lode,,,Folder Contents,Contents;,Beaverhead,Beaverhead,Elkhorn,45.47917,-113.06069,04S,12W,15,,,Image;StillImage,image/jpeg,eng,"Near Simpson, Storm, Snowdrop, Elkhorn Claims",
unnamed_manganese_property001,Unnamed_Manganese.jpg,Folder Contents,Unnamed Manganese Property Folder Contents,Unnamed Manganese Property,,Lode,,,Folder Contents,Contents;,Beaverhead,Beaverhead,Unorganized,45.12332,-112.54883,08S,08W,23,,,Image;StillImage,image/jpeg,eng,,
up-two001,Up_Two.jpg,Folder Contents,Up-Two Folder Contents,Up-Two,,Lode,,,Folder Contents,Contents;,Beaverhead,Beaverhead,Wisdom,45.58705,-113.23516,03S,13W,8,,,Image;StillImage,image/jpeg,eng,Up-Two,
vanguard_group001,Vanguard_Group.jpg,Folder Contents,Vanguard Group Folder Contents,Vanguard Group,,Lode,,,Folder Contents,Contents;,Beaverhead,Beaverhead,Polaris,45.3406,-113.1178,06S,12W,6,,,Image;StillImage,image/jpeg,eng,Vanguard Group,
vilet001,Vilet.jpg,Folder Contents,Vilet Folder Contents,Vilet,9927,Lode,,,Folder Contents,Contents;,Beaverhead,Beaverhead,Elkhorn,46.0872,-113.07123,04S,12W,22,,,Image;StillImage,image/jpeg,eng,"Near Arora, Homestake, Mammoth, Mary Claims",
virginia001,Virginia.jpg,Folder Contents,Virginia Folder Contents,Virginia,,Lode,,,Folder Contents,Contents;,Beaverhead,Beaverhead,Argenta,45.3119,112.9156,06S,11W,14,,,Image;StillImage,image/jpeg,eng,A/K/A Virginia Claim,
virginia_gulch001,Virginia_Gulch.jpg,Folder Contents,Virginia Gulch Folder Contents,Virginia Gulch,,Lode,,,Folder Contents,Contents;,Beaverhead,Beaverhead,Argenta,45.315,112.9233,06S,11W,15,,,Image;StillImage,image/jpeg,eng,Virginia Gulch,
volcanic_gold001,Volcanic_Gold.jpg,Folder Contents,Volcanic Gold Folder Contents,Volcanic Gold,,Lode,,,Folder Contents,Contents;,Beaverhead,Beaverhead,Blue Wing,45.1952,-112.93711,07S,11W,27,,,Image;StillImage,image/jpeg,eng,"Iron Mask; Near Del Monte, Kent Mines",
wadams001,Wadams.jpg,Folder Contents,Wadams Folder Contents,Wadams,236,Lode,,,Folder Contents,Contents;,Beaverhead,Beaverhead,Bannack,45.1517,-112.9883,08S,11W,7,,,Image;StillImage,image/jpeg,eng,French Millsite,
wallace001,Wallace.jpg,Folder Contents,Wallace Folder Contents,Wallace,2890,Lode,,,Folder Contents,Contents;,Beaverhead,Beaverhead,Bannack,45.1536,-112.9878,08S,11W,7,,,Image;StillImage,image/jpeg,eng,French Millsite,
wapita001,Wapita.jpg,Folder Contents,Wapita Folder Contents,Wapita,,Lode,,,Folder Contents,Contents;,Beaverhead,Beaverhead,Argenta,45.2893,-112.93399,06S,11W,27,,,Image;StillImage,image/jpeg,eng,Wapita,
washington001,Washington.jpg,Folder Contents,Washington Folder Contents,Washington,9964,Lode,,,Folder Contents,Contents;,Beaverhead,Beaverhead,Elkhorn (Coolidge/Wise River),45.48593,-113.04969,04S,12W,14,,,Image;StillImage,image/jpeg,eng,,
washington_mine001,Washington_Mine.jpg,Folder Contents,Washington Mine Folder Contents,Washington Mine,684,Lode,,,Folder Contents,Contents;,Beaverhead,Beaverhead,Bannack,45.1569,112.9767,08S,11W,8,,,Image;StillImage,image/jpeg,eng,"Near Lulu, Atlas, Mono, Rand, Park",
west_ermont001,West_Ermont.jpg,Folder Contents,West Ermont Folder Contents,West Ermont,,Lode,,,Folder Contents,Contents;,Beaverhead,Beaverhead,Argenta,45.2722,-112.91196,06S,11W,35,,,Image;StillImage,image/jpeg,eng,A/K/A Yellowbird,
wheal_rose001,Wheal_Rose.jpg,Folder Contents,Wheal Rose Folder Contents,Wheal Rose,,Lode,,,Folder Contents,Contents;,Beaverhead,Beaverhead,Blue Wing,45.195,-112.9364,07S,11W,27,,,Image;StillImage,image/jpeg,eng,Wheal Rose,
white_lime001,White_Lime.jpg,Folder Contents,White Lime Folder Contents,White Lime,,Lode,,,Folder Contents,Contents;,Beaverhead,Beaverhead,Argenta,45.3133,-112.8506,06S,10W,17,,,Image;StillImage,image/jpeg,eng,White Lime,
white_owl001,White_Owl.jpg,Folder Contents,White Owl Folder Contents,White Owl,9961,Lode,,,Folder Contents,Contents;,Beaverhead,Beaverhead,Elkhorn,45.486,-113.0705,04S,12W,15,,,Image;StillImage,image/jpeg,eng,"Near Humbolt, Copper Queen Claims",
white_seal001,White_Seal.jpg,Folder Contents,White Seal Folder Contents,White Seal,9847,Lode,,,Folder Contents,Contents;,Beaverhead,Beaverhead,Elkhorn,45.49007,-113.05881,04S,12W,14,,,Image;StillImage,image/jpeg,eng,"Near Aspen, Leap Year, Idanha, Mono, Atlas",
wild_bat001,Wild_Bat.jpg,Folder Contents,Wild Bat Folder Contents,Wild Bat,,Lode,,,Folder Contents,Contents;,Beaverhead,Beaverhead,Bald Mountain,45.3131,-113.0394,06S,12W,14,,,Image;StillImage,image/jpeg,eng,Near Osterly Claim,
wise_river001,Wise_River.jpg,Folder Contents,Wise River Folder Contents,Wise River,,Lode,,,Folder Contents,Contents;,Beaverhead,Beaverhead,Elkhorn,45.4878,-113.04504,04S,12W,14,,,Image;StillImage,image/jpeg,eng,"Adjoins The New Year, President And Park Claims",
wise_river_placer001,Wise_River_Placer.jpg,Folder Contents,Wise River Placer Folder Contents,Wise River Placer,,Placer,,,Folder Contents,Contents;,Beaverhead,Beaverhead,Elkhorn,45.6083,-113.0842,03S,12W,4,,,Image;StillImage,image/jpeg,eng,,
wooley001,Wooley.jpg,Folder Contents,Wooley Folder Contents,Wooley,,Lode,,,Folder Contents,Contents;,Beaverhead,Beaverhead,Argenta,45.3122,-112.8728,06S,10W,18,,,Image;StillImage,image/jpeg,eng,"Governor Tilden, Tuscarora",
wra001,WRA.jpg,Folder Contents,WRA Folder Contents,WRA,9965,Lode,,,Folder Contents,Contents;,Beaverhead,Beaverhead,Elkhorn,45.47137,-113.04979,04S,12W,23,,,Image;StillImage,image/jpeg,eng,"Near New Year, A. Jack, Homestake, Red Sky",
yellow_band001,Yellow_Band.jpg,Folder Contents,Yellow Band Folder Contents,Yellow Band,,Lode,,,Folder Contents,Contents;,Beaverhead,Beaverhead,Argenta,45.3347,-112.9056,06S,11W,2,,,Image;StillImage,image/jpeg,eng,"A/K/A Shafer Group; Near Park, Cross, Discovery Mines; Discovery, Cross, Park, French Prince Albert, Kelley, Pine Tree, Pine Tree #2, Hillside, Silver Light Claims",
yellow_bird001,Yellow_Bird.jpg,Folder Contents,Yellow Bird Folder Contents,Yellow Bird,,Lode,,,Folder Contents,Contents;,Beaverhead,Beaverhead,Argenta,45.2719,-112.9106,06S,11W,35,,,Image;StillImage,image/jpeg,eng,A/K/A West Ermont; Near Ermont No. 19 Mine,
